品类,小类,功能,,,,,,,,,,,,,,,,,,,,,,,,,,,,,,,,,,,,,,,,,,,,,,,,,,,,,,,,,,,,,,,,,,,,,,,,,,,
智能网关,智能网关,子设备列表,我有哪些网关子设备,列举网关子设备,查看网关子设备列表,我的网关子设备,,,,,,,,,,,,,,,,,,,,,,,,,,,,,,,,,,,,,,,,,,,,,,,,,,,,,,,,,,,,,,,,,,,,,,,
环境净化,智能香薰机,显示喷香启停,喷香开着呢吗？,喷香是开是关呢,喷香状态,喷香启动了吗,喷香呢,有木有在喷香香,,,,,,,,,,,,,,,,,,,,,,,,,,,,,,,,,,,,,,,,,,,,,,,,,,,,,,,,,,,,,,,,,,,,,
,,显示定时开关时间,香薰机定时开关时间,,,,,,,,,,,,,,,,,,,,,,,,,,,,,,,,,,,,,,,,,,,,,,,,,,,,,,,,,,,,,,,,,,,,,,,,,,
,,显示香水浓度,香水浓度是多少,香水浓度,香水多浓,香水浓么,,,,,,,,,,,,,,,,,,,,,,,,,,,,,,,,,,,,,,,,,,,,,,,,,,,,,,,,,,,,,,,,,,,,,,,
,,显示香水剩余,香水还剩多少,香水剩余多少,香水余量,香水剩余,香水剩多少,香水还有多少,,,,,,,,,,,,,,,,,,,,,,,,,,,,,,,,,,,,,,,,,,,,,,,,,,,,,,,,,,,,,,,,,,,,,
,,香薰机开关,香薰机开,香薰机关,打开香薰机,开开香薰机,开香薰机,启动香薰机,开始喷香香,喷香香,喷香,关闭香熏机,停止喷香,关上香薰机,关香薰机,闭掉香薰机,停掉香薰机,不要喷香香了,不要喷香香了,别喷香了,停止熏香,闭空净,毙空净,,,,,,,,,,,,,,,,,,,,,,,,,,,,,,,,,,,,,,,,,,,,,,,,,,,,,,
,,"调整香水浓度(1,10)","香水浓度调整为(1,10)","香水浓度设置为(1,10)","香水浓度设为(1,10)","香水浓度调为(1,10)","香水浓度调成(1,10)","香水浓度调整为(1,10)","香水浓度调到(1,10)","香水浓度增加到(1,10)","香水浓度减到(1,10)",,,,,,,,,,,,,,,,,,,,,,,,,,,,,,,,,,,,,,,,,,,,,,,,,,,,,,,,,,,,,,,,,,
,,授时,授时,时间校准,,,,,,,,,,,,,,,,,,,,,,,,,,,,,,,,,,,,,,,,,,,,,,,,,,,,,,,,,,,,,,,,,,,,,,,,,
,,定时HH:MM开关,设置香薰机(HH:MM)开,设置香薰机(HH:MM)关,,,,,,,,,,,,,,,,,,,,,,,,,,,,,,,,,,,,,,,,,,,,,,,,,,,,,,,,,,,,,,,,,,,,,,,,,
,空气净化器,显示开关状态,空气净化器的开关状态,空气净化器开着呢么,空气净化器是开是关呢,空净关着呢么,,,,,,,,,,,,,,,,,,,,,,,,,,,,,,,,,,,,,,,,,,,,,,,,,,,,,,,,,,,,,,,,,,,,,,,
,,显示当前PM2.5,当前PM2.5,当前PM2.5是多少,当前PM2.5值为多少,现在有雾霾吗,现在雾霾严重吗,,,,,,,,,,,,,,,,,,,,,,,,,,,,,,,,,,,,,,,,,,,,,,,,,,,,,,,,,,,,,,,,,,,,,,
,,显示当前温度,当前温度,当前温度是多少,现在多少度,现在几度,现下是几度,现下多少度,现在有多少度,现在有几度,这会儿多少度,这会儿几度,,,,,,,,,,,,,,,,,,,,,,,,,,,,,,,,,,,,,,,,,,,,,,,,,,,,,,,,,,,,,,,,,
,,显示当前湿度,当前湿度,当前湿度是多少,当前湿度多大,现在湿度多大,现在湿度是多少,,,,,,,,,,,,,,,,,,,,,,,,,,,,,,,,,,,,,,,,,,,,,,,,,,,,,,,,,,,,,,,,,,,,,,
,,显示空气质量等级,空气质量等级,空气质量等级是多少,空气质量怎么样,空气质量如何,空气如何,空气好么,空气坏吗,空气差吗,空气有多好,空气有多差,,,,,,,,,,,,,,,,,,,,,,,,,,,,,,,,,,,,,,,,,,,,,,,,,,,,,,,,,,,,,,,,,
,,显示滤网使用时间,显示滤网使用时间,滤网使用时间是,,,,,,,,,,,,,,,,,,,,,,,,,,,,,,,,,,,,,,,,,,,,,,,,,,,,,,,,,,,,,,,,,,,,,,,,,
,,显示甲醛浓度,甲醛浓度,甲醛浓度是多少,有甲醛吗,甲醛浓度是多少,甲醛多吗,甲醛浓度大吗,没甲醛吧,甲醛含量是多少,甲醛含量有多少,,,,,,,,,,,,,,,,,,,,,,,,,,,,,,,,,,,,,,,,,,,,,,,,,,,,,,,,,,,,,,,,,,
,,显示CO2浓度,CO2浓度,CO2浓度是多少,有CO2吗,CO2浓度是多少,CO2多吗,CO2浓度大吗,没CO2吧,CO2含量,CO2含量是多少,,,,,,,,,,,,,,,,,,,,,,,,,,,,,,,,,,,,,,,,,,,,,,,,,,,,,,,,,,,,,,,,,,
,,显示室外PM2.5,室外PM2.5,室外PM2.5是多少,有室外PM2.5吗,室外PM2.5浓度是多少,室外PM2.5多吗,室外PM2.5浓度大吗,室外没PM2.5吧,室外PM2.5含量,室外PM2.5含量是多少,,,,,,,,,,,,,,,,,,,,,,,,,,,,,,,,,,,,,,,,,,,,,,,,,,,,,,,,,,,,,,,,,,
,,显示PM1.0,PM1.0,PM1.0浓度是多少,有PM1.0吗,PM1.0浓度是多少,PM1.0多吗,PM1.0浓度大吗,没PM1.0吧,PM1.0含量,PM1.0含量是多少,,,,,,,,,,,,,,,,,,,,,,,,,,,,,,,,,,,,,,,,,,,,,,,,,,,,,,,,,,,,,,,,,,
,,显示PM10,PM10,PM10浓度是多少,有PM10吗,PM10浓度是多少,PM10多吗,PM10浓度大吗,没PM10吧,PM10含量,PM10含量是多少,,,,,,,,,,,,,,,,,,,,,,,,,,,,,,,,,,,,,,,,,,,,,,,,,,,,,,,,,,,,,,,,,,
,,显示当前电量(带电源设备),显示当前电量,当前电量是多少,现在还有电吗,现在还有多少电,现在电多吗,现在快没电了吧,剩余电量是多少,现在还剩多少电,现在没多少电了吧,现在没多少电了吧,,,,,,,,,,,,,,,,,,,,,,,,,,,,,,,,,,,,,,,,,,,,,,,,,,,,,,,,,,,,,,,,,
,,显示电源充电状态(带电源设备),显示电源充电状态,充着电呢么,,,,,,,,,,,,,,,,,,,,,,,,,,,,,,,,,,,,,,,,,,,,,,,,,,,,,,,,,,,,,,,,,,,,,,,,,
,,空净开关,空净开,打开空净,开开空净,开空净,启动空净,开始净化空气,净化空气,开启空净,空净开,关闭空净,关空净,关上空净,停止空净,停止净化空气,不要净化空气了,别净化空气了,别净化空气了,闭掉空净,毙了空净,闭空净,,,,,,,,,,,,,,,,,,,,,,,,,,,,,,,,,,,,,,,,,,,,,,,,,,,,,,,
,,调整空净风速档位(自动风速、睡眠模式、中风速、高风速),调整空净风速档位为自动风速,设置空净风速档位为自动风速,空净风速档位调整为自动风速,空净风速档位设置为自动风速,空净风速档位改为自动风速,空净风速档位变为自动风速,调整空净风速为自动风速,设置空净风速为自动风速,空净风速调整为自动风速,空净风速设置为自动风速,空净风速改为为自动风速,空净风速变为自动风速,空净开启自动风速档位,空净开启自动风速,空净送自动风,调整空净风速档位为睡眠模式,调整空净风速档位为睡眠模式,空净风速档位调整为睡眠模式,空净风速档位设置为睡眠模式,空净风速档位改为睡眠模式,空净风速档位变为睡眠模式,调整空净风速为睡眠模式,设置空净风速为睡眠模式,空净风速调整为睡眠模式,空净风速设置为睡眠模式,空净风速改为为睡眠模式,空净风速变为睡眠模式,空净开启自动睡眠模式,空净开启睡眠模式,空净送睡眠模式,调整空净风速档位为睡眠风,调整空净风速档位为睡眠风,空净风速档位调整为睡眠风,空净风速档位设置为睡眠风,空净风速档位改为睡眠风,空净风速档位变为睡眠风,调整空净风速为睡眠风,设置空净风速为睡眠风,空净风速调整为睡眠风,空净风速设置为睡眠风,空净风速改为为睡眠风,空净风速变为睡眠风,空净开启自动睡眠风,空净开启睡眠风,空净送睡眠风,调整空净风速档位为中风速,设置空净风速档位为中风速,空净风速档位调整为中风速,空净风速档位设置为中风速,空净风速档位改为中风速,空净风速档位变为中风速,调整空净风速为中风速,设置空净风速为中风速,空净风速调整为中风速,空净风速设置为中风速,空净风速改为中风速,空净风速变为中风速,空净开启中风速档位,空净开启中风速,空净送中风,调整空净风速档位为高风速,设置空净风速档位为高风速,空净风速档位调整为高风速,空净风速档位设置为高风速,空净风速档位改为高风速,空净风速档位变为高风速,调整空净风速为高风速,设置空净风速为高风速,空净风速调整为高风速,空净风速设置为高风速,空净风速改为高风速,空净风速变为高风速,空净开启高风速档位,空净开启高风速,空净送高风
,,负离子开关,负离子开,开负离子,启动负离子,开启负离子,开负离子,开开负离子,负离子启动,启用负离子,负离子关,关负离子,停止负离子,关闭负离子,关上负离子,闭掉负离子,负离子停止,毙掉负离子,不要负离子了,,,,,,,,,,,,,,,,,,,,,,,,,,,,,,,,,,,,,,,,,,,,,,,,,,,,,,,,,,
,,静电开关,静电开,开静电,启动静电,开启静电,开静电,开开静电,静电启动,启用静电,静电关,关静电,停止静电,关闭静电,关上静电,闭掉静电,静电停止,毙掉静电,不要静电了,,,,,,,,,,,,,,,,,,,,,,,,,,,,,,,,,,,,,,,,,,,,,,,,,,,,,,,,,,
,,新风阀门开关(夺盛3830才有),新风阀门开,开新风阀门,启动新风阀门,开启新风阀门,开新风阀门,开开新风阀门,新风阀门启动,打开新风阀门,新风阀门关,关新风阀门,停止新风,关闭新风阀门,关上新风阀门,闭掉新风阀门,新风阀门关闭,毙掉新风阀门,不要送新风了,,,,,,,,,,,,,,,,,,,,,,,,,,,,,,,,,,,,,,,,,,,,,,,,,,,,,,,,,,
,,除味开关,打开除味开关,开除味开关,启动除味开关,开启除味开关,开除味开关,开开除味开关,除味开关启动,打开除味,除味开关关,关除味开关,停止除味,关闭除味开关,关上除味开关,闭掉除味开关,除味开关关闭,毙掉除味开关,不要除味了,,,,,,,,,,,,,,,,,,,,,,,,,,,,,,,,,,,,,,,,,,,,,,,,,,,,,,,,,,
,,UV开关,打开UV开关,开UV开关,启动UV开关,开启UV开关,开UV开关,开开UV开关,UV开关启动,打开UV开关,UV开关关,关UV开关,停止UV,关闭UV开关,关上UV开关,闭掉UV开关,新风UV开关关闭,毙掉UV开关,不要UV了,,,,,,,,,,,,,,,,,,,,,,,,,,,,,,,,,,,,,,,,,,,,,,,,,,,,,,,,,,
,,加热开关,打开加热开关,开加热开关,启动加热开关,开启加热开关,开加热开关,开开加热开关,加热开关启动,启用加热开关,加热开关关,关加热开关,停止加热,关闭加热开关,关上加热开关,闭掉加热开关,加热开关关闭,毙掉加热开关,不要加热了,,,,,,,,,,,,,,,,,,,,,,,,,,,,,,,,,,,,,,,,,,,,,,,,,,,,,,,,,,
,,童锁开关,打开童锁开关,开童锁开关,启动童锁开关,开启童锁开关,开童锁开关,开开童锁开关,童锁开关启动,启用童锁开关,童锁开关关,关童锁开关,禁用童锁,关闭童锁开关,关上童锁开关,闭掉童锁开关,童锁开关关闭,毙掉童锁开关,解除童锁,,,,,,,,,,,,,,,,,,,,,,,,,,,,,,,,,,,,,,,,,,,,,,,,,,,,,,,,,,
,,加湿开关,打开加湿开关,开加湿开关,启动加湿开关,开启加湿开关,开加湿开关,开开加湿开关,加湿开关启动,启用加湿开关,加湿开关关,关加湿开关,停止加湿,关闭加湿开关,关上加湿开关,闭掉加湿开关,加湿开关关闭,毙掉加湿开关,不要加湿,,,,,,,,,,,,,,,,,,,,,,,,,,,,,,,,,,,,,,,,,,,,,,,,,,,,,,,,,,
,,光感开关,打开光感开关,开光感开关,启动光感开关,开启光感开关,开光感开关,开开光感开关,光感开关启动,启用光感开关,光感开关关,关光感开关,停止光感,关闭光感开关,关上光感开关,闭掉光感开关,光感开关关闭,毙掉光感开关,不要光感,,,,,,,,,,,,,,,,,,,,,,,,,,,,,,,,,,,,,,,,,,,,,,,,,,,,,,,,,,
,,排风开关,打开排风开关,开排风开关,启动排风开关,开启排风开关,开排风开关,开开排风开关,排风开关启动,启用排风开关,排风开关关,关排风开关,停止排风开关,关闭排风开关,关上排风开关,闭掉排风开关,排风开关关闭,毙掉排风开关,不要排风,,,,,,,,,,,,,,,,,,,,,,,,,,,,,,,,,,,,,,,,,,,,,,,,,,,,,,,,,,
,,预约,,,,,,,,,,,,,,,,,,,,,,,,,,,,,,,,,,,,,,,,,,,,,,,,,,,,,,,,,,,,,,,,,,,,,,,,,,,
,,告警,空调有告警吗,空调告警消息,空调告警信息,播放空调告警,,,,,,,,,,,,,,,,,,,,,,,,,,,,,,,,,,,,,,,,,,,,,,,,,,,,,,,,,,,,,,,,,,,,,,,
,新风系统,显示开关状态,新风系统的开关状态,新风系统开着呢么,新风系统是开是关呢,新风系统关着呢么,新风的开关状态,新风开着呢么,新风是开是关呢,新风关着呢么,,,,,,,,,,,,,,,,,,,,,,,,,,,,,,,,,,,,,,,,,,,,,,,,,,,,,,,,,,,,,,,,,,,
,,显示室内温度,当前室内温度,当前室内温度是多少,现在室内多少度,现在室内几度,现下室内是几度,现下室内多少度,现在室内有多少度,现在室内有几度,这会儿室内多少度,这会儿室内几度,当前屋里温度,当前屋里温度是多少,现在屋里多少度,现在屋里几度,现下屋里是几度,现下屋里多少度,现在屋里有多少度,现在屋里有几度,这会儿屋里多少度,这会儿屋里几度,,,,,,,,,,,,,,,,,,,,,,,,,,,,,,,,,,,,,,,,,,,,,,,,,,,,,,,
,,显示当前湿度,显示当前湿度,当前湿度是多少,当前湿度多大,现在湿度多大,现在湿度是多少,,,,,,,,,,,,,,,,,,,,,,,,,,,,,,,,,,,,,,,,,,,,,,,,,,,,,,,,,,,,,,,,,,,,,,
,,显示VOC值,VOC值,VOC状态,当前VOC值,,,,,,,,,,,,,,,,,,,,,,,,,,,,,,,,,,,,,,,,,,,,,,,,,,,,,,,,,,,,,,,,,,,,,,,,
,,显示CO2,CO2浓度,CO2浓度是多少,有CO2吗,CO2浓度是多少,CO2多吗,CO2浓度大吗,没CO2吧,CO2含量,CO2含量是多少,,,,,,,,,,,,,,,,,,,,,,,,,,,,,,,,,,,,,,,,,,,,,,,,,,,,,,,,,,,,,,,,,,
,,显示PM2.5,室外PM2.5,室外PM2.5是多少,有室外PM2.5吗,室外PM2.5浓度是多少,室外PM2.5多吗,室外PM2.5浓度大吗,室外没PM2.5吧,室外PM2.5含量,室外PM2.5含量是多少,,,,,,,,,,,,,,,,,,,,,,,,,,,,,,,,,,,,,,,,,,,,,,,,,,,,,,,,,,,,,,,,,,
,,显示滤网使用时间,滤网使用时间是,滤网使用时间是多少,,,,,,,,,,,,,,,,,,,,,,,,,,,,,,,,,,,,,,,,,,,,,,,,,,,,,,,,,,,,,,,,,,,,,,,,,
,,显示室外温度,当前室外温度,当前室外温度是多少,现在室外多少度,现在室外几度,现下室外是几度,现下室外多少度,现在室外有多少度,现在室外有几度,这会儿室外多少度,这会儿室外几度,当前外面温度,当前外面温度是多少,现在外面多少度,现在外面几度,现下外面是几度,现下外面多少度,现在外面有多少度,现在外面有几度,这会儿外面多少度,这会儿外面几度,当前外边温度,当前外边温度是多少,现在外边多少度,现在外边几度,现下外边是几度,现下外边多少度,现在外边有多少度,现在外边有几度,这会儿外边多少度,这会儿外边几度,,,,,,,,,,,,,,,,,,,,,,,,,,,,,,,,,,,,,,,,,,,,,
,,显示甲醛,甲醛浓度,甲醛浓度是多少,有甲醛吗,甲醛浓度是多少,甲醛多吗,甲醛浓度大吗,没甲醛吧,甲醛含量是多少,甲醛含量有多少,,,,,,,,,,,,,,,,,,,,,,,,,,,,,,,,,,,,,,,,,,,,,,,,,,,,,,,,,,,,,,,,,,
,,显示空气质量等级,空气质量等级,空气质量等级是多少,空气质量怎么样,空气质量如何,空气如何,空气好么,空气坏吗,空气差吗,空气有多好,空气有多差,,,,,,,,,,,,,,,,,,,,,,,,,,,,,,,,,,,,,,,,,,,,,,,,,,,,,,,,,,,,,,,,,
,,开关,新风系统开,打开新风系统,开开新风系统,开新风系统,启动新风系统,开始净化空气,净化空气,开启空净,新风系统开,关闭新风系统,关新风系统,关上新风系统,停止新风系统,停止新风系统,停用新风系统,别净化空气了,不净化空气了,闭掉新风系统,毙了新风系统,闭新风系统,,,,,,,,,,,,,,,,,,,,,,,,,,,,,,,,,,,,,,,,,,,,,,,,,,,,,,,
,,童锁开关,打开童锁开关,开童锁开关,启动童锁开关,开启童锁开关,开童锁开关,开开童锁开关,童锁开关启动,启用童锁开关,童锁开关关,关童锁开关,禁用童锁,关闭童锁开关,关上童锁开关,闭掉童锁开关,童锁开关关闭,毙掉童锁开关,解除童锁,,,,,,,,,,,,,,,,,,,,,,,,,,,,,,,,,,,,,,,,,,,,,,,,,,,,,,,,,,
,,温度设定,"把新风系统的温度设置为(14,29)度","把新风系统的温度设为(14,29)度","把新风系统的温度调整为(14,29)度","把新风系统的温度调为(14,29)度","新风系统的温度调到(14,29)度",,,,,,,,,,,,,,,,,,,,,,,,,,,,,,,,,,,,,,,,,,,,,,,,,,,,,,,,,,,,,,,,,,,,,,
,,模式选择(自动模式、手动模式),新风系统设置成手动模式,新风系统切换到手动模式,新风系统调整成手动模式,新风系统切换成手动模式,新风系统切成手动模式,新风系统调成手动模式,新风系统设置成自动模式,新风系统切换到自动模式,新风系统调整成自动模式,新风系统切换成自动模式,新风系统切成自动模式,新风系统调成自动模式,,,,,,,,,,,,,,,,,,,,,,,,,,,,,,,,,,,,,,,,,,,,,,,,,,,,,,,,,,,,,,,
,,紫外线开关,打开紫外线,打开紫外线开关,启动紫外线开关,开开紫外线开关,开紫外线开关,紫外线开关启动,启用紫外线开关,紫外线开关关,关紫外线开关,停止紫外线,关闭紫外线开关,关上紫外线开关,闭掉紫外线开关,紫外线开关关闭,毙掉紫外线开关,不要紫外线了,,,,,,,,,,,,,,,,,,,,,,,,,,,,,,,,,,,,,,,,,,,,,,,,,,,,,,,,,,,
,,电加热开关,打开电加热开关,开电加热开关,启动电加热开关,开启电加热开关,开电加热开关,开开电加热开关,电加热开关启动,启用电加热开关,电加热开关关,关电加热开关,停止电加热,关闭电加热开关,关上电加热开关,闭掉电加热开关,电加热开关关闭,毙掉电加热开关,不要电加热了,,,,,,,,,,,,,,,,,,,,,,,,,,,,,,,,,,,,,,,,,,,,,,,,,,,,,,,,,,
,,负离子开关,负离子开,开负离子,启动负离子,开启负离子,开负离子,开开负离子,负离子启动,启用负离子,负离子关,关负离子,停止负离子,关闭负离子,关上负离子,闭掉负离子,负离子停止,毙掉负离子,不要负离子了,,,,,,,,,,,,,,,,,,,,,,,,,,,,,,,,,,,,,,,,,,,,,,,,,,,,,,,,,,
,,排风小风机,打开排风开关,开排风开关,启动排风开关,开启排风开关,开排风开关,开开排风开关,排风开关启动,启用排风开关,排风开关关,关排风开关,停止排风开关,关闭排风开关,关上排风开关,闭掉排风开关,排风开关关闭,毙掉排风开关,不要排风,,,,,,,,,,,,,,,,,,,,,,,,,,,,,,,,,,,,,,,,,,,,,,,,,,,,,,,,,,
,,新风风机,新风风机开,开新风风机,启动新风风机,开启新风风机,开新风风机,开开新风风机,新风风机启动,打开新风风机,新风风机关,关新风风机,停止新风,关闭新风风机,关上新风风机,闭掉新风风机,新风风机关闭,毙掉新风风机,不要送新风了,,,,,,,,,,,,,,,,,,,,,,,,,,,,,,,,,,,,,,,,,,,,,,,,,,,,,,,,,,
,,授时(星期、小时、分钟),授时,时间校准,,,,,,,,,,,,,,,,,,,,,,,,,,,,,,,,,,,,,,,,,,,,,,,,,,,,,,,,,,,,,,,,,,,,,,,,,
,,报警信息,新风系统有告警吗,新风系统告警消息,新风系统告警信息,播放新风系统告警,,,,,,,,,,,,,,,,,,,,,,,,,,,,,,,,,,,,,,,,,,,,,,,,,,,,,,,,,,,,,,,,,,,,,,,
,,报警阈值设置,,,,,,,,,,,,,,,,,,,,,,,,,,,,,,,,,,,,,,,,,,,,,,,,,,,,,,,,,,,,,,,,,,,,,,,,,,,
,,周编程,,,,,,,,,,,,,,,,,,,,,,,,,,,,,,,,,,,,,,,,,,,,,,,,,,,,,,,,,,,,,,,,,,,,,,,,,,,
,,预约,,,,,,,,,,,,,,,,,,,,,,,,,,,,,,,,,,,,,,,,,,,,,,,,,,,,,,,,,,,,,,,,,,,,,,,,,,,
,空气盒子,显示当前温度,当前温度,当前温度是多少,现在多少度,现在几度,现下是几度,现下多少度,现在有多少度,现在有几度,这会儿多少度,这会儿几度,,,,,,,,,,,,,,,,,,,,,,,,,,,,,,,,,,,,,,,,,,,,,,,,,,,,,,,,,,,,,,,,,
,,显示当前湿度,当前湿度,当前湿度是多少,当前湿度多大,现在湿度多大,现在湿度是多少,,,,,,,,,,,,,,,,,,,,,,,,,,,,,,,,,,,,,,,,,,,,,,,,,,,,,,,,,,,,,,,,,,,,,,
,,显示CO2,CO2浓度,CO2浓度是多少,有CO2吗,CO2浓度是多少,CO2多吗,CO2浓度大吗,没CO2吧,CO2含量,CO2含量是多少,,,,,,,,,,,,,,,,,,,,,,,,,,,,,,,,,,,,,,,,,,,,,,,,,,,,,,,,,,,,,,,,,,
,,显示甲醛,甲醛浓度,甲醛浓度是多少,有甲醛吗,甲醛浓度是多少,甲醛多吗,甲醛浓度大吗,没甲醛吧,甲醛含量是多少,甲醛含量有多少,,,,,,,,,,,,,,,,,,,,,,,,,,,,,,,,,,,,,,,,,,,,,,,,,,,,,,,,,,,,,,,,,,
,,显示TVOC,TVOC值,TVOC状态,当前TVOC值,,,,,,,,,,,,,,,,,,,,,,,,,,,,,,,,,,,,,,,,,,,,,,,,,,,,,,,,,,,,,,,,,,,,,,,,
,,显示PM1.0,PM1.0,PM1.0浓度是多少,有PM1.0吗,PM1.0浓度是多少,PM1.0多吗,PM1.0浓度大吗,没PM1.0吧,PM1.0含量,PM1.0含量是多少,,,,,,,,,,,,,,,,,,,,,,,,,,,,,,,,,,,,,,,,,,,,,,,,,,,,,,,,,,,,,,,,,,
,,显示PM2.5,当前PM2.5,当前PM2.5是多少,当前PM2.5值为多少,现在有雾霾吗,现在雾霾严重吗,空气污染了吗,,,,,,,,,,,,,,,,,,,,,,,,,,,,,,,,,,,,,,,,,,,,,,,,,,,,,,,,,,,,,,,,,,,,,
,,显示PM10,PM10,PM10浓度是多少,有PM10吗,PM10浓度是多少,PM10多吗,PM10浓度大吗,没PM10吧,PM10含量,PM10含量是多少,,,,,,,,,,,,,,,,,,,,,,,,,,,,,,,,,,,,,,,,,,,,,,,,,,,,,,,,,,,,,,,,,,
,,开关,空气盒子开,打开空气盒子,开开空气盒子,开空气盒子,启动空气盒子,开始空气盒子,净化空气,开启空气盒子,空气盒子开,关闭空气盒子,关空气盒子,关上空气盒子,停止空气盒子,停止空气盒子,,,,,,,,,,,,,,,,,,,,,,,,,,,,,,,,,,,,,,,,,,,,,,,,,,,,,,,,,,,,,
,,温度报警阈值设置,"温度报警阈值设置为(-∞,+∞)","温度报警阈值设置成(-∞,+∞)","温度报警阈值设置到(-∞,+∞)","温度报警阈值设为(-∞,+∞)","温度报警阈值设成(-∞,+∞)","温度报警阈值设到(-∞,+∞)","温度报警阈值调整为(-∞,+∞)","温度报警阈值调整成(-∞,+∞)","温度报警阈值调整到(-∞,+∞)","温度报警阈值调为(-∞,+∞)","温度报警阈值调成(-∞,+∞)","温度报警阈值调到(-∞,+∞)",,,,,,,,,,,,,,,,,,,,,,,,,,,,,,,,,,,,,,,,,,,,,,,,,,,,,,,,,,,,,,,
,,甲醛报警阈值设置,"甲醛报警阈值设置为(0,+∞)","甲醛报警阈值设置成(0,+∞)","甲醛报警阈值设置到(0,+∞)","甲醛报警阈值设为(0,+∞)","甲醛报警阈值设成(0,+∞)","甲醛报警阈值设到(0,+∞)","甲醛报警阈值调整为(0,+∞)","甲醛报警阈值调整成(0,+∞)","甲醛报警阈值调整到(0,+∞)","甲醛报警阈值调为(0,+∞)","甲醛报警阈值调成(0,+∞)","甲醛报警阈值调到(0,+∞)",,,,,,,,,,,,,,,,,,,,,,,,,,,,,,,,,,,,,,,,,,,,,,,,,,,,,,,,,,,,,,,
,,PM2.5报警阈值设置,"PM2.5报警阈值设置为(0,+∞)","PM2.5报警阈值设置成(0,+∞)","PM2.5报警阈值设置到(0,+∞)","PM2.5报警阈值设为(0,+∞)","PM2.5报警阈值设成(0,+∞)","PM2.5报警阈值设到(0,+∞)","PM2.5报警阈值调整为(0,+∞)","PM2.5报警阈值调整成(0,+∞)","PM2.5报警阈值调整到(0,+∞)","PM2.5报警阈值调为(0,+∞)","PM2.5报警阈值调成(0,+∞)","PM2.5报警阈值调到0,+∞)",,,,,,,,,,,,,,,,,,,,,,,,,,,,,,,,,,,,,,,,,,,,,,,,,,,,,,,,,,,,,,,
,,TVOC报警阈值设置,"TVOC报警阈值设置为(0,+∞)","TVOC报警阈值设置成(0,+∞)","TVOC报警阈值设置到(0,+∞)","TVOC报警阈值设为(0,+∞)","TVOC报警阈值设成(0,+∞)","TVOC报警阈值设到(0,+∞)","TVOC报警阈值调整为(0,+∞)","TVOC报警阈值调整成(0,+∞)","TVOC报警阈值调整到(0,+∞)","TVOC报警阈值调为(0,+∞)","TVOC报警阈值调成(0,+∞)","TVOC报警阈值调到(0,+∞)",,,,,,,,,,,,,,,,,,,,,,,,,,,,,,,,,,,,,,,,,,,,,,,,,,,,,,,,,,,,,,,
,,CO2报警阈值设置,"CO2报警阈值设置为(0,+∞)","CO2报警阈值设置成(0,+∞)","CO2报警阈值设置到(0,+∞)","CO2报警阈值设为(0,+∞)","CO2报警阈值设成(0,+∞)","CO2报警阈值设到(0,+∞)","CO2报警阈值调整为(0,+∞)","CO2报警阈值调整成(0,+∞)","CO2报警阈值调整到(0,+∞)","CO2报警阈值调为(0,+∞)","CO2报警阈值调成(0,+∞)","CO2报警阈值调到(0,+∞)",,,,,,,,,,,,,,,,,,,,,,,,,,,,,,,,,,,,,,,,,,,,,,,,,,,,,,,,,,,,,,,
,,温度历史曲线,,,,,,,,,,,,,,,,,,,,,,,,,,,,,,,,,,,,,,,,,,,,,,,,,,,,,,,,,,,,,,,,,,,,,,,,,,,
,,甲醛历史曲线,,,,,,,,,,,,,,,,,,,,,,,,,,,,,,,,,,,,,,,,,,,,,,,,,,,,,,,,,,,,,,,,,,,,,,,,,,,
,,PM2.5历史曲线,,,,,,,,,,,,,,,,,,,,,,,,,,,,,,,,,,,,,,,,,,,,,,,,,,,,,,,,,,,,,,,,,,,,,,,,,,,
,,TVOC历史曲线,,,,,,,,,,,,,,,,,,,,,,,,,,,,,,,,,,,,,,,,,,,,,,,,,,,,,,,,,,,,,,,,,,,,,,,,,,,
,,CO2历史曲线,,,,,,,,,,,,,,,,,,,,,,,,,,,,,,,,,,,,,,,,,,,,,,,,,,,,,,,,,,,,,,,,,,,,,,,,,,,
,,湿度历史曲线,,,,,,,,,,,,,,,,,,,,,,,,,,,,,,,,,,,,,,,,,,,,,,,,,,,,,,,,,,,,,,,,,,,,,,,,,,,
,,报警提示,空气盒子有告警吗,空气盒子告警消息,空气盒子告警信息,播放空气盒子告警,,,,,,,,,,,,,,,,,,,,,,,,,,,,,,,,,,,,,,,,,,,,,,,,,,,,,,,,,,,,,,,,,,,,,,,
,通风器,显示当前温度,当前温度,当前温度是多少,现在多少度,现在几度,现下是几度,现下多少度,现在有多少度,现在有几度,这会儿多少度,这会儿几度,,,,,,,,,,,,,,,,,,,,,,,,,,,,,,,,,,,,,,,,,,,,,,,,,,,,,,,,,,,,,,,,,
,,显示当前湿度,当前湿度,当前湿度是多少,当前湿度多大,现在湿度多大,现在湿度是多少,,,,,,,,,,,,,,,,,,,,,,,,,,,,,,,,,,,,,,,,,,,,,,,,,,,,,,,,,,,,,,,,,,,,,,
,,当前风机转速,通风器当前风机转速,通风器当前风机转速是多少,当前风机转着呢吗,当前风机转多快,现在的风机转速,现在风机转速是多少,现在风机转着呢吗,现在风机转多快,,,,,,,,,,,,,,,,,,,,,,,,,,,,,,,,,,,,,,,,,,,,,,,,,,,,,,,,,,,,,,,,,,,
,,当前工作累计倒计时,通风器当前工作累计倒计时,通风器还能工作多久,通风器还能用多久,,,,,,,,,,,,,,,,,,,,,,,,,,,,,,,,,,,,,,,,,,,,,,,,,,,,,,,,,,,,,,,,,,,,,,,,
,,过滤器饱和值,通风器过滤器饱和值,通风器过滤器饱和值是多少,,,,,,,,,,,,,,,,,,,,,,,,,,,,,,,,,,,,,,,,,,,,,,,,,,,,,,,,,,,,,,,,,,,,,,,,,
,,环境空气,环境空气如何,环境空气怎么样,环境空气好吗,,,,,,,,,,,,,,,,,,,,,,,,,,,,,,,,,,,,,,,,,,,,,,,,,,,,,,,,,,,,,,,,,,,,,,,,
,,电源开关,通风器开,打开通风器,开开通风器,开通风器,启动通风器,开始通风器,开始通风,开启通风器,通风器开,关闭通风器,关通风器,关上通风器,停止通风器,关闭通风器电源,,,,,,,,,,,,,,,,,,,,,,,,,,,,,,,,,,,,,,,,,,,,,,,,,,,,,,,,,,,,,
,,照明开关,打开通风器照明开关,开通风器照明开关,启动通风器照明开关,开启通风器照明开关,开通风器照明开关,开开通风器照明开关,通风器照明开关启动,启用通风器照明开关,通风器照明开关关,关通风器照明开关,停止通风器照明,关闭通风器照明开关,关上通风器照明开关,闭掉通风器照明开关,通风器照明开关关闭,毙掉通风器照明开关,通风器不要照明了,通风器打开灯光开关,开通风器灯光开关,启动通风器灯光开关,开启通风器灯光开关,开通风器灯光开关,开开通风器灯光开关,通风器灯光开关启动,启用通风器灯光开关,通风器灯光开关关,关通风器灯光开关,停止通风器灯光,关闭通风器灯光开关,关上通风器灯光开关,闭掉通风器灯光开关,通风器灯光开关关闭,毙掉通风器灯光开关,不要通风器灯光了,,,,,,,,,,,,,,,,,,,,,,,,,,,,,,,,,,,,,,,,,
,,进风开关,打开通风器进风开关,开通风器进风开关,启动通风器进风开关,开启通风器进风开关,开通风器进风开关,开开通风器进风开关,通风器进风开关启动,启用通风器进风开关,通风器进风开关关,关通风器进风开关,停止通风器进风,关闭通风器进风开关,关上通风器进风开关,闭掉通风器进风开关,通风器进风开关关闭,毙掉通风器进风开关,通风器不要进风了,通风器不用进风了,,,,,,,,,,,,,,,,,,,,,,,,,,,,,,,,,,,,,,,,,,,,,,,,,,,,,,,,,
,,排风开关,打开通风器排风开关,开通风器排风开关,启动通风器排风开关,开启通风器排风开关,开通风器排风开关,开开通风器排风开关,通风器排风开关启动,启用通风器排风开关,通风器排风开关关,关通风器排风开关,停止通风器排风,关闭通风器排风开关,关上通风器排风开关,闭掉通风器排风开关,通风器排风开关关闭,毙掉通风器排风开关,通风器不要排风了,通风器不用排风了,,,,,,,,,,,,,,,,,,,,,,,,,,,,,,,,,,,,,,,,,,,,,,,,,,,,,,,,,
,,杀菌开关,打开通风器杀菌开关,开通风器杀菌开关,启动通风器杀菌开关,开启通风器杀菌开关,开通风器杀菌开关,开开通风器杀菌开关,通风器杀菌开关启动,启用通风器杀菌开关,通风器杀菌开关关,关通风器杀菌开关,停止通风器杀菌,关闭通风器杀菌开关,关上通风器杀菌开关,闭掉通风器杀菌开关,通风器开关杀菌关闭,毙掉通风器杀菌开关,通风器不要杀菌了,通风器不用杀菌了,,,,,,,,,,,,,,,,,,,,,,,,,,,,,,,,,,,,,,,,,,,,,,,,,,,,,,,,,
,,风机转速设置,"通风器风机转速设置为(0,+∞)",,,,,,,,,,,,,,,,,,,,,,,,,,,,,,,,,,,,,,,,,,,,,,,,,,,,,,,,,,,,,,,,,,,,,,,,,,
,,工作累计倒计时设置,"工作累计倒计时设置(0,+∞)",,,,,,,,,,,,,,,,,,,,,,,,,,,,,,,,,,,,,,,,,,,,,,,,,,,,,,,,,,,,,,,,,,,,,,,,,,
,,报警温度设置,"报警温度设置(-∞,+∞)",,,,,,,,,,,,,,,,,,,,,,,,,,,,,,,,,,,,,,,,,,,,,,,,,,,,,,,,,,,,,,,,,,,,,,,,,,
,,过滤器饱和报警设置,"过滤器饱和报警设置(0,+∞)",,,,,,,,,,,,,,,,,,,,,,,,,,,,,,,,,,,,,,,,,,,,,,,,,,,,,,,,,,,,,,,,,,,,,,,,,,
,,环境空气报警设置,"环境空气报警设置(0,+∞)",,,,,,,,,,,,,,,,,,,,,,,,,,,,,,,,,,,,,,,,,,,,,,,,,,,,,,,,,,,,,,,,,,,,,,,,,,
,,报警,通风器有告警吗,通风器告警消息,通风器告警信息,播放通风器告警,,,,,,,,,,,,,,,,,,,,,,,,,,,,,,,,,,,,,,,,,,,,,,,,,,,,,,,,,,,,,,,,,,,,,,,
,,"延时关机(0,9)小时","通风器延时(0,+∞)小时关机",,,,,,,,,,,,,,,,,,,,,,,,,,,,,,,,,,,,,,,,,,,,,,,,,,,,,,,,,,,,,,,,,,,,,,,,,,
,除湿机,显示当前温度,当前温度,当前温度是多少,现在多少度,现在几度,现下是几度,现下多少度,现在有多少度,现在有几度,这会儿多少度,这会儿几度,,,,,,,,,,,,,,,,,,,,,,,,,,,,,,,,,,,,,,,,,,,,,,,,,,,,,,,,,,,,,,,,,
,,显示当前湿度,当前湿度,当前湿度是多少,当前湿度多大,现在湿度多大,现在湿度是多少,,,,,,,,,,,,,,,,,,,,,,,,,,,,,,,,,,,,,,,,,,,,,,,,,,,,,,,,,,,,,,,,,,,,,,
,,显示空气质量,空气质量如何,空气质量怎么样,空气质量还可以吗,空气质量还阔以吗,空气质量行吗,,,,,,,,,,,,,,,,,,,,,,,,,,,,,,,,,,,,,,,,,,,,,,,,,,,,,,,,,,,,,,,,,,,,,,
,,显示除霜状态,除湿机的除霜状态,除湿机除霜是什么状态,,,,,,,,,,,,,,,,,,,,,,,,,,,,,,,,,,,,,,,,,,,,,,,,,,,,,,,,,,,,,,,,,,,,,,,,,
,,显示滤网使用时间,除湿机滤网的使用时间,除湿机滤网使用的时间,,,,,,,,,,,,,,,,,,,,,,,,,,,,,,,,,,,,,,,,,,,,,,,,,,,,,,,,,,,,,,,,,,,,,,,,,
,,开关,开除湿机,打开除湿机,开开除湿机,开除湿机,启动除湿机,开始除湿机,开始除湿机,开启除湿机,开除湿机开关,关闭除湿机,关除湿机,关上除湿机,停止除湿机,关闭电源除湿机,,,,,,,,,,,,,,,,,,,,,,,,,,,,,,,,,,,,,,,,,,,,,,,,,,,,,,,,,,,,,
,,童锁开关,打开童锁开关,开童锁开关,启动童锁开关,开启童锁开关,开童锁开关,开开童锁开关,童锁开关启动,启用童锁开关,童锁开关关,关童锁开关,禁用童锁,关闭童锁开关,关上童锁开关,闭掉童锁开关,童锁开关关闭,毙掉童锁开关,解除童锁,,,,,,,,,,,,,,,,,,,,,,,,,,,,,,,,,,,,,,,,,,,,,,,,,,,,,,,,,,
,,负离子开关,负离子开,开负离子,启动负离子,开启负离子,开负离子,开开负离子,负离子启动,启用负离子,负离子关,关负离子,停止负离子,关闭负离子,关上负离子,闭掉负离子,负离子停止,毙掉负离子,不要负离子了,,,,,,,,,,,,,,,,,,,,,,,,,,,,,,,,,,,,,,,,,,,,,,,,,,,,,,,,,,
,,除湿开关,打开除湿开关,开除湿开关,启动除湿开关,开启除湿开关,开除湿开关,开开除湿开关,除湿开关启动,启用除湿开关,除湿开关关,关除湿开关,停止除湿,关闭除湿开关,关上除湿开关,闭掉除湿开关,除湿开关关闭,毙掉除湿开关,不要除湿,,,,,,,,,,,,,,,,,,,,,,,,,,,,,,,,,,,,,,,,,,,,,,,,,,,,,,,,,,
,,模式选择,,,,,,,,,,,,,,,,,,,,,,,,,,,,,,,,,,,,,,,,,,,,,,,,,,,,,,,,,,,,,,,,,,,,,,,,,,,
,,湿度调节,"湿度设置成(0,+∞)","湿度设成(0,+∞)","湿度调为(0,+∞)","湿度调整成(0,+∞)","湿度调成(0,+∞)","湿度调到(0,+∞)",,,,,,,,,,,,,,,,,,,,,,,,,,,,,,,,,,,,,,,,,,,,,,,,,,,,,,,,,,,,,,,,,,,,,
,,风速调节,"除湿机风速调为(低风,高风)","除湿机风速调整为(低风,高风)","除湿机风速设为(低风,高风)","除湿机风速设置为(低风,高风)","除湿机风速调到(低风,高风)",,,,,,,,,,,,,,,,,,,,,,,,,,,,,,,,,,,,,,,,,,,,,,,,,,,,,,,,,,,,,,,,,,,,,,
,,报警,除湿机有告警吗,除湿机告警消息,除湿机告警信息,播放除湿机告警,,,,,,,,,,,,,,,,,,,,,,,,,,,,,,,,,,,,,,,,,,,,,,,,,,,,,,,,,,,,,,,,,,,,,,,
,,定时开、关,,,,,,,,,,,,,,,,,,,,,,,,,,,,,,,,,,,,,,,,,,,,,,,,,,,,,,,,,,,,,,,,,,,,,,,,,,,
,灭蚊灯,"开,关机按键",开灭蚊灯,打开灭蚊灯,开开灭蚊灯,开灭蚊灯电源,启动灭蚊灯,开始灭蚊灯,开始灭蚊,开启灭蚊灯,开灭蚊灯,关闭灭蚊灯,关灭蚊灯,关上灭蚊灯,停止灭蚊灯,关闭灭蚊灯电源,,,,,,,,,,,,,,,,,,,,,,,,,,,,,,,,,,,,,,,,,,,,,,,,,,,,,,,,,,,,,
,,有无执行任务,灭蚊灯有执行任务吗,,,,,,,,,,,,,,,,,,,,,,,,,,,,,,,,,,,,,,,,,,,,,,,,,,,,,,,,,,,,,,,,,,,,,,,,,,
,,"预约开,关",,,,,,,,,,,,,,,,,,,,,,,,,,,,,,,,,,,,,,,,,,,,,,,,,,,,,,,,,,,,,,,,,,,,,,,,,,,
,捕鼠器,定时任务,捕鼠器的定时任务,,,,,,,,,,,,,,,,,,,,,,,,,,,,,,,,,,,,,,,,,,,,,,,,,,,,,,,,,,,,,,,,,,,,,,,,,,
,,循环模式,捕鼠器当前的模式,,,,,,,,,,,,,,,,,,,,,,,,,,,,,,,,,,,,,,,,,,,,,,,,,,,,,,,,,,,,,,,,,,,,,,,,,,
,,开关,开捕鼠器,打开捕鼠器,开开捕鼠器,开始抓老鼠,启动捕鼠器,开始捕鼠器,开始捕鼠器,开启捕鼠器,开,关闭,关,关上,停止,关闭电源,,,,,,,,,,,,,,,,,,,,,,,,,,,,,,,,,,,,,,,,,,,,,,,,,,,,,,,,,,,,,
,,模式选择(循环模式、递减模式),"捕鼠器开启(循环模式,递减模式)","捕鼠器设置为(循环模式,递减模式)","捕鼠器调整为(循环模式,递减模式)","捕鼠器设为(循环模式,递减模式)","捕鼠器调为(循环模式,递减模式)","捕鼠器调到(循环模式,递减模式)",,,,,,,,,,,,,,,,,,,,,,,,,,,,,,,,,,,,,,,,,,,,,,,,,,,,,,,,,,,,,,,,,,,,,
,,通电时间(2-59S),"捕鼠器通电时间设为(0,60)","捕鼠器通电时间调为(0,60)","捕鼠器通电时间调整为(0,60)","捕鼠器通电时间设置为(0,60)","捕鼠器通电时间调整到(0,60)","捕鼠器通电时间调到(0,60)",,,,,,,,,,,,,,,,,,,,,,,,,,,,,,,,,,,,,,,,,,,,,,,,,,,,,,,,,,,,,,,,,,,,,
,,断电时间(2-59S),"捕鼠器通电时间设为(0,60)","捕鼠器通电时间调为(0,60)","捕鼠器通电时间调整为(0,60)","捕鼠器通电时间设置为(0,60)","捕鼠器通电时间调整到(0,60)","捕鼠器通电时间调到(0,60)",,,,,,,,,,,,,,,,,,,,,,,,,,,,,,,,,,,,,,,,,,,,,,,,,,,,,,,,,,,,,,,,,,,,,
,,报警,捕鼠器有告警吗,捕鼠器告警消息,捕鼠器告警信息,播放捕鼠器告警,,,,,,,,,,,,,,,,,,,,,,,,,,,,,,,,,,,,,,,,,,,,,,,,,,,,,,,,,,,,,,,,,,,,,,,
,,"预约开,关",,,,,,,,,,,,,,,,,,,,,,,,,,,,,,,,,,,,,,,,,,,,,,,,,,,,,,,,,,,,,,,,,,,,,,,,,,,
厨房电器,燃气灶,是否锁定,燃气灶功能是否被锁定,燃气灶的屏幕锁定了吗？,燃气灶童锁是开的还是关的,气灶童锁开的还是关的,燃气灶被锁屏了吗？,,,,,,,,,,,,,,,,,,,,,,,,,,,,,,,,,,,,,,,,,,,,,,,,,,,,,,,,,,,,,,,,,,,,,,
,,火力大小,气灶当前火力多大,燃气灶现在火力是多少,燃气灶火多大,气灶右炉的火是多少,气灶右炉的火力多少,右炉火力是多大,右炉火力几级,气灶左炉的火是多少,气灶左炉的火力多少,左炉火力是多大,左炉火力几级,上报下炉子的火力,,,,,,,,,,,,,,,,,,,,,,,,,,,,,,,,,,,,,,,,,,,,,,,,,,,,,,,,,,,,,,,
,,预约任务,当前有什么预约任务,现在有什么定时任务,定时任务上报下,燃气灶什么时候会开,燃气灶什么时候会关,上报燃气灶的预约任务,,,,,,,,,,,,,,,,,,,,,,,,,,,,,,,,,,,,,,,,,,,,,,,,,,,,,,,,,,,,,,,,,,,,,
,,右炉开关,把右边炉子打开,右边炉子开火,右炉开,打开右炉的火,,,,,,,,,,,,,,,,,,,,,,,,,,,,,,,,,,,,,,,,,,,,,,,,,,,,,,,,,,,,,,,,,,,,,,,
,,右炉火力调整,"把右炉火(力)加大
",加大右炉的火(力),增大右炉火(力),调大右炉火(力),把右炉火力加到9,右炉火(力)加到5,右炉火力调到3,右炉火力增加到4,把右炉火力减小,减小右炉火(力),降低右炉火(力),调小右炉,,,,,,,,,,,,,,,,,,,,,,,,,,,,,,,,,,,,,,,,,,,,,,,,,,,,,,,,,,,,,,,
,,右炉倒计时关机(1~99min),"右炉(1,99)分钟后关","右炉设置为(1,99)分钟后关","右炉倒计时关机时间为(1,99)分钟","(1,99)分钟后把右炉关了","(1,99)分钟后关火",,,,,,,,,,,,,,,,,,,,,,,,,,,,,,,,,,,,,,,,,,,,,,,,,,,,,,,,,,,,,,,,,,,,,,
,,左炉开关,把左边炉子打开,左边炉子开火,左炉开,打开左炉的火,,,,,,,,,,,,,,,,,,,,,,,,,,,,,,,,,,,,,,,,,,,,,,,,,,,,,,,,,,,,,,,,,,,,,,,
,,左炉火力调整,把左炉火(力)加大,加大左炉的火(力),增大左炉火(力),调大左炉火(力),把左炉火力加到8,左炉火(力)加到7,左炉火力调到2,左炉火力增加到1,把左炉火力减小,减小左炉火(力),降低左炉火(力),调小左炉,,,,,,,,,,,,,,,,,,,,,,,,,,,,,,,,,,,,,,,,,,,,,,,,,,,,,,,,,,,,,,,
,,左炉倒计时关机(1~99min),"左炉(1,99)分钟后关","左炉设置为(1,99)分钟后关","左炉倒计时关机时间为(1,99)分钟","(1,99)分钟后关火","(1,99)分钟后把左炉关了",,,,,,,,,,,,,,,,,,,,,,,,,,,,,,,,,,,,,,,,,,,,,,,,,,,,,,,,,,,,,,,,,,,,,,
,,童锁开关,锁屏,童锁开,把童锁打开,锁屏关闭,把屏幕上锁,把童锁关了,关童锁,关闭童锁,,,,,,,,,,,,,,,,,,,,,,,,,,,,,,,,,,,,,,,,,,,,,,,,,,,,,,,,,,,,,,,,,,,
,,报警,气灶有没有报警信息,最近有没有燃气灶的报警,燃气灶有报警嘛,燃气灶状态是否正常,,,,,,,,,,,,,,,,,,,,,,,,,,,,,,,,,,,,,,,,,,,,,,,,,,,,,,,,,,,,,,,,,,,,,,,
,燃气热水器,当前水温,燃气热水器当前水温多少,燃气热水器当前水温多高,热水器温度是多少,现在热水器温度多少,热水器中水多热,当前水温是多少,当前水温多少度,,,,,,,,,,,,,,,,,,,,,,,,,,,,,,,,,,,,,,,,,,,,,,,,,,,,,,,,,,,,,,,,,,,,
,,火焰燃烧标志,,,,,,,,,,,,,,,,,,,,,,,,,,,,,,,,,,,,,,,,,,,,,,,,,,,,,,,,,,,,,,,,,,,,,,,,,,,
,,"热水器开,关",把热水器打开,热水器开,开热水器,把热水器开了,打开热水器,把热水器关了,热水器关,关热水器,把热水器关了,关掉热水器,关闭热水器,,,,,,,,,,,,,,,,,,,,,,,,,,,,,,,,,,,,,,,,,,,,,,,,,,,,,,,,,,,,,,,,
,,模式选择(浴室模式、浴缸模式、厨房模式、节能模式),热水器开启浴室模式,把浴室模式打开,开启浴室模式,浴室模式开,打开浴室模式,切换到浴室模式,热水器开启厨房模式,把厨房模式打开,开启厨房模式,厨房模式开,打开厨房模式,切换到厨房模式,热水器开启浴缸模式,把浴缸模式打开,开启浴缸模式,浴缸模式开,打开浴缸模式,切换到浴缸模式,热水器开启节能模式,把节能模式打开,开启节能模式,节能模式开,打开节能模式,切换到节能模式,,,,,,,,,,,,,,,,,,,,,,,,,,,,,,,,,,,,,,,,,,,,,,,,,,,
,,流量调节,热水器每分钟进水9升,热水器进水流量调到10,热水器流量设置为12升,水流量为5,,,,,,,,,,,,,,,,,,,,,,,,,,,,,,,,,,,,,,,,,,,,,,,,,,,,,,,,,,,,,,,,,,,,,,,
,,温度调节,最高温度设置为40度,温度最高允许45°,温度最高允许加到85度,热水器最高只能加热到65度,把温度设置为75度,把最高温度调到77度,,,,,,,,,,,,,,,,,,,,,,,,,,,,,,,,,,,,,,,,,,,,,,,,,,,,,,,,,,,,,,,,,,,,,
,,点火20分钟倒计时提示,点火倒计时设置为10分钟,9分钟后关闭点火,8分钟后把火关了,点火时间为15分钟,17分钟倒计时后把热水器火关了,,,,,,,,,,,,,,,,,,,,,,,,,,,,,,,,,,,,,,,,,,,,,,,,,,,,,,,,,,,,,,,,,,,,,,
,,报警,热水器有没有报警,热水器状态正常嘛,最近有没有热水器的报警,热水器功能都正常吗？,,,,,,,,,,,,,,,,,,,,,,,,,,,,,,,,,,,,,,,,,,,,,,,,,,,,,,,,,,,,,,,,,,,,,,,
,电饭煲,保压时间(仅在自选压力烹饪模式下显示),电饭煲保压时间是多少,电饭煲默认的保压时间是多少,当前电饭煲设置的保压时间是多长,电饭煲保压时长,,,,,,,,,,,,,,,,,,,,,,,,,,,,,,,,,,,,,,,,,,,,,,,,,,,,,,,,,,,,,,,,,,,,,,,
,,预约定时时间,当前有什么预约任务,现在有什么定时任务,定时任务上报下,电饭煲什么时候会开,电饭煲什么时候会关,,,,,,,,,,,,,,,,,,,,,,,,,,,,,,,,,,,,,,,,,,,,,,,,,,,,,,,,,,,,,,,,,,,,,,
,,保温时间,保温时间多少,保温时间多长,电饭煲报温多久,,,,,,,,,,,,,,,,,,,,,,,,,,,,,,,,,,,,,,,,,,,,,,,,,,,,,,,,,,,,,,,,,,,,,,,,
,,压力显示,电饭煲压力是多少,电饭煲默认的压力是多少,当前电饭煲设置的压力多大,当前压力多少,压力多大,,,,,,,,,,,,,,,,,,,,,,,,,,,,,,,,,,,,,,,,,,,,,,,,,,,,,,,,,,,,,,,,,,,,,,
,,"电饭煲总开,关",把电饭煲打开,电饭煲开,开电饭煲,把电饭煲开了,打开电饭煲,把电饭煲关了,电饭煲关,关电饭煲,把电饭煲关了,关掉电饭煲,关闭电饭煲,,,,,,,,,,,,,,,,,,,,,,,,,,,,,,,,,,,,,,,,,,,,,,,,,,,,,,,,,,,,,,,,
,,保温开关,把保温开关打开,开保温,保温开,打开保温模式,保温关,关闭保温,保温模式关,保温开关关闭,,,,,,,,,,,,,,,,,,,,,,,,,,,,,,,,,,,,,,,,,,,,,,,,,,,,,,,,,,,,,,,,,,,
,,"模式选择(米饭,烩饭、煸炒、慢煮、罐头,保存、鱼,蔬菜,蒸煮、汤,炖菜、豆类,扁豆、自选压力烹饪)","把(米饭,烩饭)模式打开","开启(米饭,烩饭)模式","(米饭,烩饭)模式开","打开(米饭,烩饭)模式","切换到(米饭,烩饭)模式","选择(米饭,烩饭)模式",,,,,,,,,,,,,,,,,,,,,,,,,,,,,,,,,,,,,,,,,,,,,,,,,,,,,,,,,,,,,,,,,,,,,
,,"米饭,烩饭模式白米(white)开,关",打开白米开关,选择白米,白米开关开,白米模式开,设置为白米模式,关闭白米开关,白米开关关,白米模式关,,,,,,,,,,,,,,,,,,,,,,,,,,,,,,,,,,,,,,,,,,,,,,,,,,,,,,,,,,,,,,,,,,,
,,"米饭,烩饭模式糙米(brown)开,关",打开糙米开关,选择糙米,糙米开关开,糙米模式开,设置为糙米模式,关闭糙米开关,糙米开关关,糙米模式关,,,,,,,,,,,,,,,,,,,,,,,,,,,,,,,,,,,,,,,,,,,,,,,,,,,,,,,,,,,,,,,,,,,
,,"米饭,烩饭模式自选时间(min)",烹饪时间半小时,烹饪30分钟,煮1个小时,煮半小时后关,"米饭,烩饭模式时间设置为1个半小时",,,,,,,,,,,,,,,,,,,,,,,,,,,,,,,,,,,,,,,,,,,,,,,,,,,,,,,,,,,,,,,,,,,,,,
,,时间档位快档(quick、medium、well),选择快速档位,设置为快速档,调到快速档位,选择快档,选择中速档位,设置为中速档,调到中速档位,选择中档,选择慢速档位,设置为慢速档,调到慢速档位,选择慢档,选择低速档位,设置为低速档,调到低速档位,选择低档,,,,,,,,,,,,,,,,,,,,,,,,,,,,,,,,,,,,,,,,,,,,,,,,,,,,,,,,,,,
,,自选压力设置(滑档20~80kpa),压力设置20千帕,压力29千帕,压力选择70千帕,45千帕的压力,,,,,,,,,,,,,,,,,,,,,,,,,,,,,,,,,,,,,,,,,,,,,,,,,,,,,,,,,,,,,,,,,,,,,,,
,,自选保压时间(滑档10min~60min),保压时间设置10分钟,保压时间45分钟,保压时间选择55分钟,35分钟的保压时间,20分钟后结束保压,,,,,,,,,,,,,,,,,,,,,,,,,,,,,,,,,,,,,,,,,,,,,,,,,,,,,,,,,,,,,,,,,,,,,,
,,故障提示,电饭煲有没有报警信息,最近有没有电饭煲的报警,电饭煲有报警嘛,电饭煲状态是否正常,电饭煲功能是否正常,,,,,,,,,,,,,,,,,,,,,,,,,,,,,,,,,,,,,,,,,,,,,,,,,,,,,,,,,,,,,,,,,,,,,,
,,预约按键 预约时间设置(0~24小时),"预约时间(0,24)小时","(0,24)小时开始工作","(0,24)小时后开始煮饭","(0,24)小时后炖汤","预约时间设置为(0,24)小时",,,,,,,,,,,,,,,,,,,,,,,,,,,,,,,,,,,,,,,,,,,,,,,,,,,,,,,,,,,,,,,,,,,,,,
,电热水壶,温度显示,电热水壶当前水温多少,电热水壶当前水温多高,水壶温度是多少,现在水壶温度多少,,,,,,,,,,,,,,,,,,,,,,,,,,,,,,,,,,,,,,,,,,,,,,,,,,,,,,,,,,,,,,,,,,,,,,,
,,定时任务开关时间,当前有什么预约任务,现在有什么定时任务,定时任务上报下,水壶什么时候开始工作,水壶什么时候烧水,,,,,,,,,,,,,,,,,,,,,,,,,,,,,,,,,,,,,,,,,,,,,,,,,,,,,,,,,,,,,,,,,,,,,,
,,便捷模式显示,当前模式是什么,上报当前模式,水壶现在是什么模式,当前便捷模式是什么,水壶工作在什么模式,,,,,,,,,,,,,,,,,,,,,,,,,,,,,,,,,,,,,,,,,,,,,,,,,,,,,,,,,,,,,,,,,,,,,,
,,"开,关机",把水壶打开,热水壶开,水壶开始烧水,把热水壶开了,打开热水壶,把热水壶关了,热水壶关,关热水壶,把热水壶关了,关掉热水壶,关闭热水壶,热水壶停在工作,,,,,,,,,,,,,,,,,,,,,,,,,,,,,,,,,,,,,,,,,,,,,,,,,,,,,,,,,,,,,,,
,,除氯开关,打开除氯开关,除氯开,除氯功能开,开启除氯模式,除氯按钮开,打开除氯关,除氯关,除氯功能关,关闭除氯模式,除氯按钮关,,,,,,,,,,,,,,,,,,,,,,,,,,,,,,,,,,,,,,,,,,,,,,,,,,,,,,,,,,,,,,,,,
,,沸腾开关,打开沸腾开关,沸腾开,沸腾功能开,开启沸腾模式,沸腾按钮开,打开沸腾关,沸腾关,沸腾功能关,关闭沸腾模式,沸腾按钮关,,,,,,,,,,,,,,,,,,,,,,,,,,,,,,,,,,,,,,,,,,,,,,,,,,,,,,,,,,,,,,,,,
,,保温温度设置,保温设置为30度,保温温度25度,保温温度保持在45度,温度保持在55度,,,,,,,,,,,,,,,,,,,,,,,,,,,,,,,,,,,,,,,,,,,,,,,,,,,,,,,,,,,,,,,,,,,,,,,
,,定时加热开关,定时加热开关开,开启定时加热功能,启动定时加热模式,定时加热按钮开,定时加热关,关闭定时加热,定时加热功能关闭,结束定时加热,,,,,,,,,,,,,,,,,,,,,,,,,,,,,,,,,,,,,,,,,,,,,,,,,,,,,,,,,,,,,,,,,,,
,,定时加热时间设置,1小时后定时加热,2小时后开启定时加热,定时加热时间为4小时后,5小时开始加热,加热功能6小时后开启,,,,,,,,,,,,,,,,,,,,,,,,,,,,,,,,,,,,,,,,,,,,,,,,,,,,,,,,,,,,,,,,,,,,,,
,,自动保温开关,打开自动保温开关,自动保温开,自动保温功能开,开启自动保温模式,自动保温按钮开,关闭自动保温,自动保温功能关闭,结束自动保温,,,,,,,,,,,,,,,,,,,,,,,,,,,,,,,,,,,,,,,,,,,,,,,,,,,,,,,,,,,,,,,,,,,
,,便捷模式(茶、咖啡、牛奶、豆浆、花茶、柠檬水),便捷模式茶模式开,便捷模式咖啡模式开,便捷模式牛奶模式开,便捷模式豆浆模式开,便捷模式花茶模式开,便捷模式柠檬水模式开,选择茶模式,模式切换到牛奶模式,模式选咖啡模式,,,,,,,,,,,,,,,,,,,,,,,,,,,,,,,,,,,,,,,,,,,,,,,,,,,,,,,,,,,,,,,,,,
,制冰机,有无执行任务,制冰机什么时候开始工作,制冰机有无预约任务,制冰机预约任务什么时候执行,,,,,,,,,,,,,,,,,,,,,,,,,,,,,,,,,,,,,,,,,,,,,,,,,,,,,,,,,,,,,,,,,,,,,,,,
,,"制冰机开,关",制冰机开始工作,把制冰机打开,制冰机开,关闭制冰机,制冰机关,制冰机停止工作,,,,,,,,,,,,,,,,,,,,,,,,,,,,,,,,,,,,,,,,,,,,,,,,,,,,,,,,,,,,,,,,,,,,,
,,冰块类型(小冰模式、中冰模式、大冰模式),制冰机模式选择小冰模式小冰模式开启,,小冰模式开,选择小冰模式,小冰功能启用,制冰机模式选择中冰模式,中冰模式开启,中冰模式开,选择中冰模式,中冰功能启用,制冰机模式选择大冰模式,大冰模式开启,大冰模式开,选择大冰模式,大冰功能启用,,,,,,,,,,,,,,,,,,,,,,,,,,,,,,,,,,,,,,,,,,,,,,,,,,,,,,,,,,,,
,,告警,制冰机功能是否正常,制冰机状态是否有异常,,,,,,,,,,,,,,,,,,,,,,,,,,,,,,,,,,,,,,,,,,,,,,,,,,,,,,,,,,,,,,,,,,,,,,,,,
,抽油机,电源开关,抽油烟机开关开,打开抽油烟机,把抽油烟机打开,抽油烟机开,开油烟机,油烟机按钮打开,抽油烟机开关关,关闭抽油烟机,把抽油烟机关闭,抽油烟机开关关,关油烟机,油烟机按钮关闭,,,,,,,,,,,,,,,,,,,,,,,,,,,,,,,,,,,,,,,,,,,,,,,,,,,,,,,,,,,,,,,
,,明暗开关,明暗开关打开,明暗开关开,打开明暗开关,开明暗开关,把明暗开关打开,明暗开关关闭,明暗开关关,关闭明暗开关,关明暗开关,把明暗开关关闭,明暗按钮开关打开,明暗按钮开关关闭,,,,,,,,,,,,,,,,,,,,,,,,,,,,,,,,,,,,,,,,,,,,,,,,,,,,,,,,,,,,,,,
,,风速(低速、中速、高速),风速选择低速,风速切换到低速,风速调到低档,风速选择中速,风速切换到中速,风速调到中档,风速选择高速,风速切换到高速,风速调到高档,,,,,,,,,,,,,,,,,,,,,,,,,,,,,,,,,,,,,,,,,,,,,,,,,,,,,,,,,,,,,,,,,,
,,照明模式,照明开关打开,照明开关开,打开照明开关,开照明开关,把照明开关打开,照明按钮打开,照明开关关闭,照明开关关,关闭照明开关,关照明开关,把照明开关关闭,照明按钮关闭,,,,,,,,,,,,,,,,,,,,,,,,,,,,,,,,,,,,,,,,,,,,,,,,,,,,,,,,,,,,,,,
,,延时关风(小时、分钟),延时2小时后关,抽油烟机1小时后关闭,延时关风时间为6分钟,8分钟后关闭抽油烟机,延时关风功能6分钟后启用,,,,,,,,,,,,,,,,,,,,,,,,,,,,,,,,,,,,,,,,,,,,,,,,,,,,,,,,,,,,,,,,,,,,,,
,,提醒,抽油烟机是否需要清理,是否需要清理抽油烟机,,,,,,,,,,,,,,,,,,,,,,,,,,,,,,,,,,,,,,,,,,,,,,,,,,,,,,,,,,,,,,,,,,,,,,,,,
,电烤箱,当前温度,烤箱当前温度多少,烤箱当前温度多高,烤箱温度是多少,现在烤箱温度多少,,,,,,,,,,,,,,,,,,,,,,,,,,,,,,,,,,,,,,,,,,,,,,,,,,,,,,,,,,,,,,,,,,,,,,,
,,"电烤箱总开,关",烤箱开关开,打开烤箱,把烤箱打开,烤箱开,开烤箱,烤箱按钮打开,烤箱开关关,关闭烤箱,把烤箱关闭,烤箱开关关,关烤箱,烤箱按钮关闭,,,,,,,,,,,,,,,,,,,,,,,,,,,,,,,,,,,,,,,,,,,,,,,,,,,,,,,,,,,,,,,
,,照明开关,照明开关打开,照明开关开,打开照明开关,开照明开关,把照明开关打开,照明按钮打开,照明开关关闭,照明开关关,关闭照明开关,关照明开关,把照明开关关闭,照明按钮关闭,,,,,,,,,,,,,,,,,,,,,,,,,,,,,,,,,,,,,,,,,,,,,,,,,,,,,,,,,,,,,,,
,,锁屏开关,锁屏,童锁开,把童锁打开,锁屏关闭,把屏幕上锁,把童锁关了,关童锁,关闭童锁,,,,,,,,,,,,,,,,,,,,,,,,,,,,,,,,,,,,,,,,,,,,,,,,,,,,,,,,,,,,,,,,,,,
,,模式选择(烧烤、焙烤、快热、解冻、底加热、风扇烤),开启烧烤模式,烧烤模式开,切换到烧烤模式,启用烧烤模式,开启焙烤模式,焙烤模式开,切换到焙烤模式,启用焙烤模式,开启快烤模式,快烤模式开,切换到快烤模式,启用快烤模式,开启解冻模式,解冻模式开,切换到解冻模式,启用解冻模式,开启底加热模式,底加热模式开,切换到底加热模式,启用底加热模式,开启风扇烤模式,风扇烤模式开,切换到风扇烤模式,启用风扇烤模式,,,,,,,,,,,,,,,,,,,,,,,,,,,,,,,,,,,,,,,,,,,,,,,,,,,
,,"启动,暂停开关",启用电烤箱,启动烤箱,烤箱开始工作,暂停电烤箱,暂停烤箱,烤箱暂停工作,,,,,,,,,,,,,,,,,,,,,,,,,,,,,,,,,,,,,,,,,,,,,,,,,,,,,,,,,,,,,,,,,,,,,
,,"转烤开,关",转烤开关打开,转烤开关开,打开转烤开关,开转烤开关,把转烤开关打开,转烤按钮打开,转烤开关关闭,转烤开关关,关闭转烤开关,关转烤开关,把转烤开关关闭,转烤按钮关闭,,,,,,,,,,,,,,,,,,,,,,,,,,,,,,,,,,,,,,,,,,,,,,,,,,,,,,,,,,,,,,,
,,"风机开,关",风机开关打开,风机开关开,打开风机开关,开风机开关,把风机开关打开,风机按钮打开,风机开关关闭,风机开关关,关闭风机开关,关风机开关,把风机开关关闭,风机按钮关闭,,,,,,,,,,,,,,,,,,,,,,,,,,,,,,,,,,,,,,,,,,,,,,,,,,,,,,,,,,,,,,,
,,工作时间设定(5~90min),烤箱工作时间设定25分钟,烤箱工作40分钟,46分钟后关闭烤箱,19分钟后烤箱停止工作,,,,,,,,,,,,,,,,,,,,,,,,,,,,,,,,,,,,,,,,,,,,,,,,,,,,,,,,,,,,,,,,,,,,,,,
,,温度设定(80~230°),烤箱温度设置80度,设置烤箱温度为120度,烤箱工作温度90度,烤箱温度选择98度,,,,,,,,,,,,,,,,,,,,,,,,,,,,,,,,,,,,,,,,,,,,,,,,,,,,,,,,,,,,,,,,,,,,,,,
,,告醒,烤箱功能是否正常,烤箱状态是否有异常,,,,,,,,,,,,,,,,,,,,,,,,,,,,,,,,,,,,,,,,,,,,,,,,,,,,,,,,,,,,,,,,,,,,,,,,,
,电烤炉,剩余时间,电烤炉剩余时间是多少,电烤炉还剩多长时间,,,,,,,,,,,,,,,,,,,,,,,,,,,,,,,,,,,,,,,,,,,,,,,,,,,,,,,,,,,,,,,,,,,,,,,,,
,,火炉温度,火炉当前温度多少,火炉当前温度多高,火炉温度是多少,现在火炉温度多少,,,,,,,,,,,,,,,,,,,,,,,,,,,,,,,,,,,,,,,,,,,,,,,,,,,,,,,,,,,,,,,,,,,,,,,
,,当前肉温01,肉温01当前温度是多少,上报当前肉温,肉温01温度多高,,,,,,,,,,,,,,,,,,,,,,,,,,,,,,,,,,,,,,,,,,,,,,,,,,,,,,,,,,,,,,,,,,,,,,,,
,,当前肉温02,肉温02当前温度是多少,上报当前肉温,肉温02温度多高,,,,,,,,,,,,,,,,,,,,,,,,,,,,,,,,,,,,,,,,,,,,,,,,,,,,,,,,,,,,,,,,,,,,,,,,
,,当前执行步骤,当前执行的是哪个步骤,电烤炉现在执行到哪一步了,烤炉现在在哪一步,,,,,,,,,,,,,,,,,,,,,,,,,,,,,,,,,,,,,,,,,,,,,,,,,,,,,,,,,,,,,,,,,,,,,,,,
,,"电烤炉总开,关",电烤炉开关打开,电烤炉开关开,打开电烤炉开关,开电烤炉开关,把电烤炉开关打开,电烤炉按钮打开,电烤炉开关关闭,电烤炉开关关,关闭电烤炉开关,关电烤炉开关,把电烤炉开关关闭,电烤炉按钮关闭,,,,,,,,,,,,,,,,,,,,,,,,,,,,,,,,,,,,,,,,,,,,,,,,,,,,,,,,,,,,,,,
,,"华氏,摄氏转换",烤炉现在用的是华氏度单位还是摄氏度单位,烤炉温度现在用的单位是什么,烤炉温度的单位是什么,,,,,,,,,,,,,,,,,,,,,,,,,,,,,,,,,,,,,,,,,,,,,,,,,,,,,,,,,,,,,,,,,,,,,,,,
,,"添加,删除步骤",添加步骤二,添加步骤三,添加个步骤二,添加个步骤,删除步骤3,把步骤2删了,,,,,,,,,,,,,,,,,,,,,,,,,,,,,,,,,,,,,,,,,,,,,,,,,,,,,,,,,,,,,,,,,,,,,
,,温控探针选择(炉温、肉温01、肉温02),温控探针选择炉温模式,探针选择肉温01,,,,,,,,,,,,,,,,,,,,,,,,,,,,,,,,,,,,,,,,,,,,,,,,,,,,,,,,,,,,,,,,,,,,,,,,,
,,"步骤1,2,3烹饪时间(0~900)",步骤1烹饪时间选择20分钟,步骤2烹饪时长40分钟,步骤3烹饪时间60分钟,步骤2烹饪时间选择为80分钟,烹饪时间45分钟,步骤2烹饪半个小时,15分钟后步骤3烹饪结束,,,,,,,,,,,,,,,,,,,,,,,,,,,,,,,,,,,,,,,,,,,,,,,,,,,,,,,,,,,,,,,,,,,,
,,"步骤1,2,3炉温设置(76~315)",步骤1炉温设置为100度,步骤2炉温79度,步骤3炉温选择120度,步骤2的炉温最高200度,第一步的炉温30度,第二步炉温设置为300度,第三步炉温降到78度,,,,,,,,,,,,,,,,,,,,,,,,,,,,,,,,,,,,,,,,,,,,,,,,,,,,,,,,,,,,,,,,,,,,
,,"步骤1,2,3肉温01设置(50~315)",第一步的肉温01 30度,第二步肉温01设置为300度,第三步肉温01降到78度,步骤1肉温01设置为100度,步骤2肉温0179度,步骤3肉温01选择120度,,,,,,,,,,,,,,,,,,,,,,,,,,,,,,,,,,,,,,,,,,,,,,,,,,,,,,,,,,,,,,,,,,,,,
,,"步骤1,2,3肉温02设置(50~315)",第一步的肉温02 30度,第二步肉温02设置为300度,第三步肉温02降到78度,步骤1肉温02设置为100度,步骤2肉温0279度,步骤3肉温02选择120度,,,,,,,,,,,,,,,,,,,,,,,,,,,,,,,,,,,,,,,,,,,,,,,,,,,,,,,,,,,,,,,,,,,,,
,消毒柜,定时任务显示,当前有什么预约任务,现在有什么定时任务,定时任务上报下,消毒柜什么时候开始工作,,,,,,,,,,,,,,,,,,,,,,,,,,,,,,,,,,,,,,,,,,,,,,,,,,,,,,,,,,,,,,,,,,,,,,,
,,"消毒柜总开,关",消毒柜开关打开,消毒柜开关开,打开消毒柜开关,开消毒柜开关,把消毒柜开关打开,消毒柜按钮打开,消毒柜开关关闭,消毒柜开关关,关闭消毒柜开关,关消毒柜开关,把消毒柜开关关闭,消毒柜按钮关闭,,,,,,,,,,,,,,,,,,,,,,,,,,,,,,,,,,,,,,,,,,,,,,,,,,,,,,,,,,,,,,,
,,"照明开,关",照明开关打开,照明开关开,打开照明开关,开照明开关,把照明开关打开,照明按钮打开,照明开关关闭,照明开关关,关闭照明开关,关照明开关,把照明开关关闭,照明按钮关闭,,,,,,,,,,,,,,,,,,,,,,,,,,,,,,,,,,,,,,,,,,,,,,,,,,,,,,,,,,,,,,,
,,"保湿开,关",保湿开关打开,保湿开关开,保湿照明开关,开保湿开关,把保湿开关打开,保湿按钮打开,保湿开关关闭,保湿开关关,关闭保湿开关,关保湿开关,把保湿开关关闭,保湿按钮关闭,,,,,,,,,,,,,,,,,,,,,,,,,,,,,,,,,,,,,,,,,,,,,,,,,,,,,,,,,,,,,,,
,,模式选择(自动模式、消毒、烘干、清洗、电热清洗时间、风机),模式选择自动模式,自动模式开启,自动模式开,选择自动模式,自动模式功能启用,模式选择消毒模式,消毒模式开启,消毒模式开,选择消毒模式,消毒功能启用,模式选择烘干模式,烘干模式开启,烘干模式开,选择烘干模式,烘干功能启用,模式选择清洗模式,清洗模式开启,清洗模式开,选择清洗模式,清洗功能启用,模式选择电热清洗模式,电热清洗模式开启,电热清洗模式开,选择电热清洗模式,电热清洗功能启用,,,,,,,,,,,,,,,,,,,,,,,,,,,,,,,,,,,,,,,,,,,,,,,,,,
,,工作时间(6~120min),消毒柜工作时间设定52分钟,消毒柜工作4分钟,64分钟后关闭消毒柜,39分钟后消毒柜停止工作,,,,,,,,,,,,,,,,,,,,,,,,,,,,,,,,,,,,,,,,,,,,,,,,,,,,,,,,,,,,,,,,,,,,,,,
,,预约开关,预约3小时后消毒柜开,消毒柜10点30开始工作,15点40关闭消毒柜,14点消毒柜停止工作,预约消毒柜16点开关关,,,,,,,,,,,,,,,,,,,,,,,,,,,,,,,,,,,,,,,,,,,,,,,,,,,,,,,,,,,,,,,,,,,,,,
,电蒸炉,当前温度,电蒸炉当前温度多少,电蒸炉当前温度多高,电蒸炉温度是多少,现在电蒸炉温度多少,上报下电蒸炉当前温度,,,,,,,,,,,,,,,,,,,,,,,,,,,,,,,,,,,,,,,,,,,,,,,,,,,,,,,,,,,,,,,,,,,,,,
,,"电蒸炉总开,关",电蒸炉开关打开,电蒸炉开关开,打开电蒸炉开关,开电蒸炉开关,把电蒸炉开关打开,电蒸炉按钮打开,电蒸炉开关关闭,电蒸炉开关关,关闭电蒸炉开关,关电蒸炉开关,把电蒸炉开关关闭,电蒸炉按钮关闭,,,,,,,,,,,,,,,,,,,,,,,,,,,,,,,,,,,,,,,,,,,,,,,,,,,,,,,,,,,,,,,
,,"照明开,关",打开电蒸炉的照明,关闭电蒸炉的照明,照明开关打开,照明开关开,打开照明开关,开照明开关,把照明开关打开,照明按钮打开,照明开关关闭,照明开关关,关闭照明开关,关照明开关,把照明开关关闭,照明按钮关闭,,,,,,,,,,,,,,,,,,,,,,,,,,,,,,,,,,,,,,,,,,,,,,,,,,,,,,,,,,,,,
,,"童锁开,关",打开电蒸炉的童锁开关,关闭电蒸炉的童锁,锁屏,童锁开,把童锁打开,锁屏关闭,把屏幕上锁,把童锁关了,关童锁,关闭童锁,,,,,,,,,,,,,,,,,,,,,,,,,,,,,,,,,,,,,,,,,,,,,,,,,,,,,,,,,,,,,,,,,
,,模式选择(肉类、蛋类、糕点、蔬菜、蹄筋、解冻),开启肉类模式,肉类模式开,切换到肉类模式,启用肉类模式,选择肉类模式,开启蛋类模式,蛋类模式开,切换到蛋类模式,启用蛋类模式,选择蛋类模式,开启糕点模式,糕点模式开,切换到糕点模式,启用糕点模式,选择糕点模式,开启蔬菜模式,蔬菜模式开,切换到蔬菜模式,启用蔬菜模式,选择蔬菜模式,开启蹄筋模式,蹄筋模式开,切换到蹄筋模式,启用蹄筋模式,选择蹄筋模式,开启解冻模式,解冻模式开,切换到解冻模式,启用解冻模式,选择解冻模式,,,,,,,,,,,,,,,,,,,,,,,,,,,,,,,,,,,,,,,,,,,,,
,,工作时间设定(0~30min),电蒸炉工作时间设定45分钟,电蒸炉工作8分钟,26分钟后关闭电蒸炉,11分钟后电蒸炉停止工作,,,,,,,,,,,,,,,,,,,,,,,,,,,,,,,,,,,,,,,,,,,,,,,,,,,,,,,,,,,,,,,,,,,,,,,
,,温度设定(30~120°),电蒸炉温度设置80度,设置电蒸炉温度为120度,电蒸炉工作温度90度,电蒸炉温度选择98度,,,,,,,,,,,,,,,,,,,,,,,,,,,,,,,,,,,,,,,,,,,,,,,,,,,,,,,,,,,,,,,,,,,,,,,
,,"启动,暂停开关",启用电蒸炉,启动电蒸炉,电蒸炉开始工作,暂停电蒸炉,暂停电蒸炉,电蒸炉暂停工作,,,,,,,,,,,,,,,,,,,,,,,,,,,,,,,,,,,,,,,,,,,,,,,,,,,,,,,,,,,,,,,,,,,,,
,,报警,电蒸炉有没有报警,电蒸炉状态正常嘛,最近有没有电蒸炉的报警,电蒸炉功能都正常吗？,,,,,,,,,,,,,,,,,,,,,,,,,,,,,,,,,,,,,,,,,,,,,,,,,,,,,,,,,,,,,,,,,,,,,,,
,酒柜,上层温度,酒柜上层温度多少,酒柜上层温度多高,当前上层温度多少,上报下上层温度,,,,,,,,,,,,,,,,,,,,,,,,,,,,,,,,,,,,,,,,,,,,,,,,,,,,,,,,,,,,,,,,,,,,,,,
,,中层温度,酒柜中层温度多少,酒柜中层温度多高,当前中层温度多少,上报下中层温度,,,,,,,,,,,,,,,,,,,,,,,,,,,,,,,,,,,,,,,,,,,,,,,,,,,,,,,,,,,,,,,,,,,,,,,
,,下层温度,酒柜下层温度多少,酒柜下层温度多高,当前下层温度多少,上报下下层温度,,,,,,,,,,,,,,,,,,,,,,,,,,,,,,,,,,,,,,,,,,,,,,,,,,,,,,,,,,,,,,,,,,,,,,,
,,环境温度,当前环境温度多少度,现在所处环境温度是多少,现在多少度了,环境温度多少摄氏度了,当前温度多高,,,,,,,,,,,,,,,,,,,,,,,,,,,,,,,,,,,,,,,,,,,,,,,,,,,,,,,,,,,,,,,,,,,,,,
,,环境湿度,当前环境湿度多少度,现在所处环境湿度是多少,湿度多少,上报当前湿度,,,,,,,,,,,,,,,,,,,,,,,,,,,,,,,,,,,,,,,,,,,,,,,,,,,,,,,,,,,,,,,,,,,,,,,
,,"酒柜总开,关",酒柜开关打开,酒柜开关开,打开酒柜开关,开酒柜开关,把酒柜开关打开,酒柜按钮打开,酒柜开关关闭,酒柜开关关,关闭酒柜开关,关酒柜开关,把酒柜开关关闭,酒柜按钮关闭,,,,,,,,,,,,,,,,,,,,,,,,,,,,,,,,,,,,,,,,,,,,,,,,,,,,,,,,,,,,,,,
,,"摄氏,华氏转换",酒柜现在用的是华氏度单位还是摄氏度单位,酒柜温度现在用的单位是什么,酒柜温度的单位是什么,酒柜温度使用华氏单位,酒柜用摄氏度做温度单位,,,,,,,,,,,,,,,,,,,,,,,,,,,,,,,,,,,,,,,,,,,,,,,,,,,,,,,,,,,,,,,,,,,,,,
,,"顶灯开,关",顶灯开关打开,顶灯开关开,打开顶灯开关,开顶灯开关,把顶灯开关打开,顶灯按钮打开,顶灯开关关闭,顶灯开关关,关顶灯开关,把顶灯开关关闭,顶灯按钮关闭,,,,,,,,,,,,,,,,,,,,,,,,,,,,,,,,,,,,,,,,,,,,,,,,,,,,,,,,,,,,,,,,
,,"除霜开,关",打开除霜开关,除霜开,除霜功能开,开启除霜模式,除霜按钮开,打开除霜关,除霜关,除霜功能关,关闭除霜模式,除霜按钮关,,,,,,,,,,,,,,,,,,,,,,,,,,,,,,,,,,,,,,,,,,,,,,,,,,,,,,,,,,,,,,,,,
,,模式选择(制冷、强制制冷、展示、速冷、速冻、速冻加速),开启制冷模式,制冷模式开,切换到制冷模式,启用制冷模式,选择制冷模式,开启强制制冷模式,强制制冷模式开,切换到强制制冷模式,启用强制制冷模式,选择强制制冷模式,开启展示模式,展示模式开,切换到展示模式,启用展示模式,选择展示模式,开启速冷模式,速冷模式开,切换到速冷模式,启用速冷模式,选择速冷模式,开启速冻模式,速冻模式开,切换到速冻模式,启用速冻模式,选择速冻模式,开启速冻加速冷模式,速冻加速冷模式开,切换到速冻加速冷模式,启用速冻加速冷模式,选择速冻加速冷模式,,,,,,,,,,,,,,,,,,,,,,,,,,,,,,,,,,,,,,,,,,,,,
,,除露设置(0~10),除露选择2,除露设置为9,除露档位切换到7,,,,,,,,,,,,,,,,,,,,,,,,,,,,,,,,,,,,,,,,,,,,,,,,,,,,,,,,,,,,,,,,,,,,,,,,
,,上层温度设置,上层温度设置为40度,上层工作温度为35度,上层温度选择56度,上层温度调到65度,上层温度调大到98度,上层温度减小到60度,,,,,,,,,,,,,,,,,,,,,,,,,,,,,,,,,,,,,,,,,,,,,,,,,,,,,,,,,,,,,,,,,,,,,
,,中层温度设置,中层温度设置为40度,中层工作温度为35度,中层温度选择56度,中层温度调到65度,中层温度调大到98度,中层温度减小到60度,,,,,,,,,,,,,,,,,,,,,,,,,,,,,,,,,,,,,,,,,,,,,,,,,,,,,,,,,,,,,,,,,,,,,
,,下层温度设置,下层温度设置为40度,下层工作温度为35度,下层温度选择56度,下层温度调到65度,下层温度调大到98度,下层温度减小到60度,,,,,,,,,,,,,,,,,,,,,,,,,,,,,,,,,,,,,,,,,,,,,,,,,,,,,,,,,,,,,,,,,,,,,
,壁挂炉,"总开,关",壁挂炉开关打开,壁挂炉开关开,打开壁挂炉开关,开壁挂炉开关,把壁挂炉开关打开,壁挂炉按钮打开,壁挂炉开关关闭,壁挂炉开关关,关闭壁挂炉开关,关壁挂炉开关,把壁挂炉开关关闭,壁挂炉按钮关闭,,,,,,,,,,,,,,,,,,,,,,,,,,,,,,,,,,,,,,,,,,,,,,,,,,,,,,,,,,,,,,,
,,当前温度,壁挂炉当前温度多少,壁挂炉当前温度多高,壁挂炉温度是多少,现在壁挂炉温度多少,上报下壁挂炉当前温度,,,,,,,,,,,,,,,,,,,,,,,,,,,,,,,,,,,,,,,,,,,,,,,,,,,,,,,,,,,,,,,,,,,,,,
,,设置温度,壁挂炉当前设置温度多少,壁挂炉当前设置温度多高,壁挂炉设置温度是多少,现在壁挂炉设置温度多少,上报下壁挂炉当前设置温度,壁挂炉设置的温度是多少,,,,,,,,,,,,,,,,,,,,,,,,,,,,,,,,,,,,,,,,,,,,,,,,,,,,,,,,,,,,,,,,,,,,,
,,定时状态,壁挂炉什么时候开始工作,当前有什么预约任务,现在有什么定时任务,定时任务上报下,壁挂炉什么时候停止工作,,,,,,,,,,,,,,,,,,,,,,,,,,,,,,,,,,,,,,,,,,,,,,,,,,,,,,,,,,,,,,,,,,,,,,
,,循环泵(关、正常运行、强制运行),壁挂炉循环泵关,壁挂炉循环泵关闭,关掉壁挂炉循环泵,壁挂炉循环泵正常运行,壁挂炉循环泵切换到正常运行模式,壁挂炉循环泵选择正常运行模式,壁挂炉循环泵强制运行,壁挂炉循环泵切换到强制运行模式,壁挂炉循环泵选择强制运行模式,循环泵强制运行,循环泵正常运行,正常运行循环泵,强制运行循环泵,,,,,,,,,,,,,,,,,,,,,,,,,,,,,,,,,,,,,,,,,,,,,,,,,,,,,,,,,,,,,,
,,"工作档位(1,2,3档)",壁挂炉工作档位调大2档,壁挂炉档位选择1档,壁挂炉档位切换到3档,壁挂炉档位设置为2档,,,,,,,,,,,,,,,,,,,,,,,,,,,,,,,,,,,,,,,,,,,,,,,,,,,,,,,,,,,,,,,,,,,,,,,
,,宽温度设置(20~85°),壁挂炉宽温度设置20度,壁挂炉宽温度选择40度,壁挂炉宽温度最高85度,壁挂炉宽温度80度,,,,,,,,,,,,,,,,,,,,,,,,,,,,,,,,,,,,,,,,,,,,,,,,,,,,,,,,,,,,,,,,,,,,,,,
,,启动加热温差设置(5~20°),壁挂炉启动加热温差设置为5,壁挂炉启动加热温差为20,启动加热温差为39,启动加热温差选择4,,,,,,,,,,,,,,,,,,,,,,,,,,,,,,,,,,,,,,,,,,,,,,,,,,,,,,,,,,,,,,,,,,,,,,,
,,循环泵开启温度设置(10~60°),循环泵开启温度50度,循环泵开启温度为52度,循环泵工作温度60度,,,,,,,,,,,,,,,,,,,,,,,,,,,,,,,,,,,,,,,,,,,,,,,,,,,,,,,,,,,,,,,,,,,,,,,,
,,时间校对,"当前时间10点24分56秒,校验下当前时间",,,,,,,,,,,,,,,,,,,,,,,,,,,,,,,,,,,,,,,,,,,,,,,,,,,,,,,,,,,,,,,,,,,,,,,,,,
,,预约开关,预约3小时后壁挂炉开,壁挂炉10点30开始工作,15点40关闭壁挂炉,14点壁挂炉停止工作,预约壁挂炉16点开关关,,,,,,,,,,,,,,,,,,,,,,,,,,,,,,,,,,,,,,,,,,,,,,,,,,,,,,,,,,,,,,,,,,,,,,
,,告警,壁挂炉有没有报警,壁挂炉状态正常嘛,最近有没有壁挂炉的报警,壁挂炉功能都正常吗？,,,,,,,,,,,,,,,,,,,,,,,,,,,,,,,,,,,,,,,,,,,,,,,,,,,,,,,,,,,,,,,,,,,,,,,
生活电器,空调,环境温度,当前的环境温度,当前的环境温度是多少,现在多少度,,,,,,,,,,,,,,,,,,,,,,,,,,,,,,,,,,,,,,,,,,,,,,,,,,,,,,,,,,,,,,,,,,,,,,,,
,,分组命名,,,,,,,,,,,,,,,,,,,,,,,,,,,,,,,,,,,,,,,,,,,,,,,,,,,,,,,,,,,,,,,,,,,,,,,,,,,
,,总开关,开灭蚊灯,打开灭蚊灯,开开灭蚊灯,开灭蚊灯电源,启动灭蚊灯,开始灭蚊灯,开始灭蚊,开启灭蚊灯,开灭蚊灯,关闭灭蚊灯,关灭蚊灯,关上灭蚊灯,停止灭蚊灯,关闭灭蚊灯电源,,,,,,,,,,,,,,,,,,,,,,,,,,,,,,,,,,,,,,,,,,,,,,,,,,,,,,,,,,,,,
,,除湿开关,打开除湿开关,开除湿开关,启动除湿开关,开启除湿开关,开除湿开关,开开除湿开关,除湿开关启动,启用除湿开关,除湿开关关,关除湿开关,停止除湿,关闭除湿开关,关上除湿开关,闭掉除湿开关,除湿开关关闭,毙掉除湿开关,不要除湿,,,,,,,,,,,,,,,,,,,,,,,,,,,,,,,,,,,,,,,,,,,,,,,,,,,,,,,,,,
,,模式设置(自动、制热、送风、制冷),"空调设置成(自动,制热,送风,制冷)模式","空调设置为(自动,制热,送风,制冷)模式","空调设成(自动,制热,送风,制冷)模式","空调调整成(自动,制热,送风,制冷)模式","空调调整到(自动,制热,送风,制冷)模式","空调调成(自动,制热,送风,制冷)模式","空调调到(自动,制热,送风,制冷)模式","空调开启(自动,制热,送风,制冷)模式","空调启动(自动,制热,送风,制冷)模式",,,,,,,,,,,,,,,,,,,,,,,,,,,,,,,,,,,,,,,,,,,,,,,,,,,,,,,,,,,,,,,,,,
,,温度设定(17-30度),"空调温度设置成(0,50)模式",,,,,,,,,,,,,,,,,,,,,,,,,,,,,,,,,,,,,,,,,,,,,,,,,,,,,,,,,,,,,,,,,,,,,,,,,,
,,"风速调整(低风,中风,高风,超高风)","空调风速调整为(低风,中风,高风,超高风)",,,,,,,,,,,,,,,,,,,,,,,,,,,,,,,,,,,,,,,,,,,,,,,,,,,,,,,,,,,,,,,,,,,,,,,,,,
,,摆风开关,"摆风(开,关)","(打开,关闭)摆风",,,,,,,,,,,,,,,,,,,,,,,,,,,,,,,,,,,,,,,,,,,,,,,,,,,,,,,,,,,,,,,,,,,,,,,,,
,,"遥控锁定,解锁","空调遥控(锁定,解锁)",,,,,,,,,,,,,,,,,,,,,,,,,,,,,,,,,,,,,,,,,,,,,,,,,,,,,,,,,,,,,,,,,,,,,,,,,,
,,模式锁定,"空调模式(锁定,解锁)",,,,,,,,,,,,,,,,,,,,,,,,,,,,,,,,,,,,,,,,,,,,,,,,,,,,,,,,,,,,,,,,,,,,,,,,,,
,,报警,空调有告警吗,空调告警消息,空调告警信息,播放空调告警,,,,,,,,,,,,,,,,,,,,,,,,,,,,,,,,,,,,,,,,,,,,,,,,,,,,,,,,,,,,,,,,,,,,,,,
,加湿器,当前温度,当前温度,当前温度是多少,现在多少度,现在几度,现下是几度,现下多少度,现在有多少度,现在有几度,这会儿多少度,这会儿几度,,,,,,,,,,,,,,,,,,,,,,,,,,,,,,,,,,,,,,,,,,,,,,,,,,,,,,,,,,,,,,,,,
,,当前湿度,当前湿度,当前湿度是多少,当前湿度多大,现在湿度多大,现在湿度是多少,,,,,,,,,,,,,,,,,,,,,,,,,,,,,,,,,,,,,,,,,,,,,,,,,,,,,,,,,,,,,,,,,,,,,,
,,净化状态,加湿器净化状态,,,,,,,,,,,,,,,,,,,,,,,,,,,,,,,,,,,,,,,,,,,,,,,,,,,,,,,,,,,,,,,,,,,,,,,,,,
,,滤网使用时量,加湿器滤网使用时间,,,,,,,,,,,,,,,,,,,,,,,,,,,,,,,,,,,,,,,,,,,,,,,,,,,,,,,,,,,,,,,,,,,,,,,,,,
,,"开,关机","(开,关)加湿器","(打开,关闭)加湿器",,,,,,,,,,,,,,,,,,,,,,,,,,,,,,,,,,,,,,,,,,,,,,,,,,,,,,,,,,,,,,,,,,,,,,,,,
,,滤网清洗开关,"(开,关)加湿器的滤网清洗开关","(打开,关闭)加湿器的滤网清洗开关",,,,,,,,,,,,,,,,,,,,,,,,,,,,,,,,,,,,,,,,,,,,,,,,,,,,,,,,,,,,,,,,,,,,,,,,,
,,风速选择(低风、高风),"加湿器风速设置成(低风,高风)",,,,,,,,,,,,,,,,,,,,,,,,,,,,,,,,,,,,,,,,,,,,,,,,,,,,,,,,,,,,,,,,,,,,,,,,,,
,,湿度设定,"加湿器湿度设置为(0,+∞)","加湿器湿度调整到(0,+∞)",,,,,,,,,,,,,,,,,,,,,,,,,,,,,,,,,,,,,,,,,,,,,,,,,,,,,,,,,,,,,,,,,,,,,,,,,
,,预约开、关,,,,,,,,,,,,,,,,,,,,,,,,,,,,,,,,,,,,,,,,,,,,,,,,,,,,,,,,,,,,,,,,,,,,,,,,,,,
,净水器,滤芯1使用寿命,净水器滤芯1的使用寿命是多少,净水器滤芯1还能用多久,,,,,,,,,,,,,,,,,,,,,,,,,,,,,,,,,,,,,,,,,,,,,,,,,,,,,,,,,,,,,,,,,,,,,,,,,
,,滤芯2使用寿命,净水器滤芯2的使用寿命是多少,净水器滤芯2还能用多久,,,,,,,,,,,,,,,,,,,,,,,,,,,,,,,,,,,,,,,,,,,,,,,,,,,,,,,,,,,,,,,,,,,,,,,,,
,,滤芯3使用寿命,净水器滤芯3的使用寿命是多少,净水器滤芯3还能用多久,,,,,,,,,,,,,,,,,,,,,,,,,,,,,,,,,,,,,,,,,,,,,,,,,,,,,,,,,,,,,,,,,,,,,,,,,
,,设备预约任务显示,列举净水器的预约任务,,,,,,,,,,,,,,,,,,,,,,,,,,,,,,,,,,,,,,,,,,,,,,,,,,,,,,,,,,,,,,,,,,,,,,,,,,
,,"开,关机按键","(开,关)净水器","(打开,关闭)净水器",,,,,,,,,,,,,,,,,,,,,,,,,,,,,,,,,,,,,,,,,,,,,,,,,,,,,,,,,,,,,,,,,,,,,,,,,
,,冲洗模式开关,"(开,关)净水器的冲洗模式开关","(打开,关闭)净水器的冲洗模式开关",,,,,,,,,,,,,,,,,,,,,,,,,,,,,,,,,,,,,,,,,,,,,,,,,,,,,,,,,,,,,,,,,,,,,,,,,
,,加热开关,"(开,关)净水器的加热开关","(打开,关闭)净水器的加热开关",,,,,,,,,,,,,,,,,,,,,,,,,,,,,,,,,,,,,,,,,,,,,,,,,,,,,,,,,,,,,,,,,,,,,,,,,
,,水流速度设置,"净水器的水流速度设置为(0,+∞)","净水器的水流速度调整到(0,+∞)",,,,,,,,,,,,,,,,,,,,,,,,,,,,,,,,,,,,,,,,,,,,,,,,,,,,,,,,,,,,,,,,,,,,,,,,,
,,"净水器用水,用电按日,周,月统计",,,,,,,,,,,,,,,,,,,,,,,,,,,,,,,,,,,,,,,,,,,,,,,,,,,,,,,,,,,,,,,,,,,,,,,,,,,
,,预约开、关,,,,,,,,,,,,,,,,,,,,,,,,,,,,,,,,,,,,,,,,,,,,,,,,,,,,,,,,,,,,,,,,,,,,,,,,,,,
,温控器,室内温度,当前室内温度,当前室内温度是多少,现在室内多少度,现在室内几度,现下室内是几度,现下室内多少度,现在室内有多少度,现在室内有几度,这会儿室内多少度,这会儿室内几度,当前屋里温度,当前屋里温度是多少,现在屋里多少度,现在屋里几度,现下屋里是几度,现下屋里多少度,现在屋里有多少度,现在屋里有几度,这会儿屋里多少度,这会儿屋里几度,,,,,,,,,,,,,,,,,,,,,,,,,,,,,,,,,,,,,,,,,,,,,,,,,,,,,,,
,,功率显示,当前功率是多少,当前多大功率,,,,,,,,,,,,,,,,,,,,,,,,,,,,,,,,,,,,,,,,,,,,,,,,,,,,,,,,,,,,,,,,,,,,,,,,,
,,PM2.5值,当前PM2.5,当前PM2.5是多少,当前PM2.5值为多少,现在有雾霾吗,现在雾霾严重吗,空气污染了吗,,,,,,,,,,,,,,,,,,,,,,,,,,,,,,,,,,,,,,,,,,,,,,,,,,,,,,,,,,,,,,,,,,,,,
,,防冻标志,,,,,,,,,,,,,,,,,,,,,,,,,,,,,,,,,,,,,,,,,,,,,,,,,,,,,,,,,,,,,,,,,,,,,,,,,,,
,,过热标志,,,,,,,,,,,,,,,,,,,,,,,,,,,,,,,,,,,,,,,,,,,,,,,,,,,,,,,,,,,,,,,,,,,,,,,,,,,
,,缺水标志(水暖机),,,,,,,,,,,,,,,,,,,,,,,,,,,,,,,,,,,,,,,,,,,,,,,,,,,,,,,,,,,,,,,,,,,,,,,,,,,
,,温控器总开关,,,,,,,,,,,,,,,,,,,,,,,,,,,,,,,,,,,,,,,,,,,,,,,,,,,,,,,,,,,,,,,,,,,,,,,,,,,
,,童锁开关,打开温控器童锁开关,开温控器童锁开关,启动温控器童锁开关,开启温控器童锁开关,开温控器童锁开关,开开温控器童锁开关,温控器童锁开关启动,启用温控器童锁开关,温控器童锁开关关,关温控器童锁开关,禁用温控器童锁,关闭温控器童锁开关,关上温控器童锁开关,闭掉温控器童锁开关,温控器童锁开关关闭,毙掉温控器童锁开关,解除温控器童锁,,,,,,,,,,,,,,,,,,,,,,,,,,,,,,,,,,,,,,,,,,,,,,,,,,,,,,,,,,
,,"模式选择(节能,手动,自动)","温控器设置为(节能,手动,自动)模式","温控器调整为(节能,手动,自动)模式",,,,,,,,,,,,,,,,,,,,,,,,,,,,,,,,,,,,,,,,,,,,,,,,,,,,,,,,,,,,,,,,,,,,,,,,,
,,温度设置(5-45度),"温控器设置为(5,45)度","温控器调整为(5,45)度",,,,,,,,,,,,,,,,,,,,,,,,,,,,,,,,,,,,,,,,,,,,,,,,,,,,,,,,,,,,,,,,,,,,,,,,,
,,"制热,制冷开关","(开,关)温控器的加热开关","(打开,关闭)温控器的加热开关",,,,,,,,,,,,,,,,,,,,,,,,,,,,,,,,,,,,,,,,,,,,,,,,,,,,,,,,,,,,,,,,,,,,,,,,,
,,风速设置,"温控器风速设置为(0,+∞)","温控器风速调整为(0,+∞)",,,,,,,,,,,,,,,,,,,,,,,,,,,,,,,,,,,,,,,,,,,,,,,,,,,,,,,,,,,,,,,,,,,,,,,,,
,,授时(周、时、分),,,,,,,,,,,,,,,,,,,,,,,,,,,,,,,,,,,,,,,,,,,,,,,,,,,,,,,,,,,,,,,,,,,,,,,,,,,
,,温控器节能模式温度设置(5-20),,,,,,,,,,,,,,,,,,,,,,,,,,,,,,,,,,,,,,,,,,,,,,,,,,,,,,,,,,,,,,,,,,,,,,,,,,,
,,"温控器温度单位设置为摄氏度,华氏度","温控器温度单位设置为(摄氏度,华氏度)温控器温度单位调整为(摄氏度,华氏度)",,,,,,,,,,,,,,,,,,,,,,,,,,,,,,,,,,,,,,,,,,,,,,,,,,,,,,,,,,,,,,,,,,,,,,,,,,
,,报警信息,温控器有告警吗,温控器告警消息,温控器告警信息,播放温控器告警,,,,,,,,,,,,,,,,,,,,,,,,,,,,,,,,,,,,,,,,,,,,,,,,,,,,,,,,,,,,,,,,,,,,,,,
,,预约开关,,,,,,,,,,,,,,,,,,,,,,,,,,,,,,,,,,,,,,,,,,,,,,,,,,,,,,,,,,,,,,,,,,,,,,,,,,,
,水族箱,当前温度,当前温度,当前温度是多少,现在多少度,现在几度,现下是几度,现下多少度,现在有多少度,现在有几度,这会儿多少度,这会儿几度,,,,,,,,,,,,,,,,,,,,,,,,,,,,,,,,,,,,,,,,,,,,,,,,,,,,,,,,,,,,,,,,,
,,"开,关机","(开,关)鱼缸","(打开,关闭)鱼缸",,,,,,,,,,,,,,,,,,,,,,,,,,,,,,,,,,,,,,,,,,,,,,,,,,,,,,,,,,,,,,,,,,,,,,,,,
,,灯光开关,"(开,关)鱼缸灯光","(打开,关闭)鱼缸灯光","(开,关)鱼缸照明","(打开,关闭)鱼缸照明",,,,,,,,,,,,,,,,,,,,,,,,,,,,,,,,,,,,,,,,,,,,,,,,,,,,,,,,,,,,,,,,,,,,,,,
,,增氧开关,"(开,关)鱼缸供氧开关","(打开,关闭)鱼缸供氧开关","鱼缸(开始,停止)供氧",,,,,,,,,,,,,,,,,,,,,,,,,,,,,,,,,,,,,,,,,,,,,,,,,,,,,,,,,,,,,,,,,,,,,,,,
,,造浪开关,"(开,关)鱼缸造浪开关","(打开,关闭)鱼缸造浪开关","鱼缸(开始,停止)造浪",,,,,,,,,,,,,,,,,,,,,,,,,,,,,,,,,,,,,,,,,,,,,,,,,,,,,,,,,,,,,,,,,,,,,,,,
,,UV开关,"(开,关)鱼缸UV开关","(打开,关闭)鱼缸UV开关",,,,,,,,,,,,,,,,,,,,,,,,,,,,,,,,,,,,,,,,,,,,,,,,,,,,,,,,,,,,,,,,,,,,,,,,,
,,循环过滤开关,"(开,关)鱼缸过滤开关","(打开,关闭)鱼缸过滤开关","鱼缸(开始,停止)过滤",,,,,,,,,,,,,,,,,,,,,,,,,,,,,,,,,,,,,,,,,,,,,,,,,,,,,,,,,,,,,,,,,,,,,,,,
,,护理灯开关,"(开,关)鱼缸护理灯开关","(打开,关闭)鱼缸护理灯开关",,,,,,,,,,,,,,,,,,,,,,,,,,,,,,,,,,,,,,,,,,,,,,,,,,,,,,,,,,,,,,,,,,,,,,,,,
,,杀菌灯开关,"(开,关)鱼缸杀菌开关","(打开,关闭)鱼缸杀菌开关","鱼缸(开始,停止)杀菌",,,,,,,,,,,,,,,,,,,,,,,,,,,,,,,,,,,,,,,,,,,,,,,,,,,,,,,,,,,,,,,,,,,,,,,,
,,添加预约,,,,,,,,,,,,,,,,,,,,,,,,,,,,,,,,,,,,,,,,,,,,,,,,,,,,,,,,,,,,,,,,,,,,,,,,,,,
,,编辑预约,,,,,,,,,,,,,,,,,,,,,,,,,,,,,,,,,,,,,,,,,,,,,,,,,,,,,,,,,,,,,,,,,,,,,,,,,,,
,,预约开关,,,,,,,,,,,,,,,,,,,,,,,,,,,,,,,,,,,,,,,,,,,,,,,,,,,,,,,,,,,,,,,,,,,,,,,,,,,
,,报警,鱼缸有告警吗,鱼缸告警消息,鱼缸告警信息,播放鱼缸告警,,,,,,,,,,,,,,,,,,,,,,,,,,,,,,,,,,,,,,,,,,,,,,,,,,,,,,,,,,,,,,,,,,,,,,,
,单轨窗帘,控制选择,窗帘当前的开关状态,,,,,,,,,,,,,,,,,,,,,,,,,,,,,,,,,,,,,,,,,,,,,,,,,,,,,,,,,,,,,,,,,,,,,,,,,,
,,窗帘开关状态,窗帘当前的开关状态,,,,,,,,,,,,,,,,,,,,,,,,,,,,,,,,,,,,,,,,,,,,,,,,,,,,,,,,,,,,,,,,,,,,,,,,,,
,,窗纱开关状态,窗纱当前的开关状态,,,,,,,,,,,,,,,,,,,,,,,,,,,,,,,,,,,,,,,,,,,,,,,,,,,,,,,,,,,,,,,,,,,,,,,,,,
,,窗帘(开、关、停),"(开,关,暂停)窗帘","(打开,关闭,暂停)窗帘",,,,,,,,,,,,,,,,,,,,,,,,,,,,,,,,,,,,,,,,,,,,,,,,,,,,,,,,,,,,,,,,,,,,,,,,,
,,窗纱(开、关、停),"(开,关,暂停)窗纱","(打开,关闭,暂停)窗纱",,,,,,,,,,,,,,,,,,,,,,,,,,,,,,,,,,,,,,,,,,,,,,,,,,,,,,,,,,,,,,,,,,,,,,,,,
,,窗帘+窗纱(开、关、停),"(开,关,暂停)窗帘窗纱","(打开,关闭,暂停)窗帘窗纱",,,,,,,,,,,,,,,,,,,,,,,,,,,,,,,,,,,,,,,,,,,,,,,,,,,,,,,,,,,,,,,,,,,,,,,,,
,,定时开启、关闭、开关控制选择,,,,,,,,,,,,,,,,,,,,,,,,,,,,,,,,,,,,,,,,,,,,,,,,,,,,,,,,,,,,,,,,,,,,,,,,,,,
,电风扇,当前温度,当前温度,当前温度是多少,现在多少度,现在几度,现下是几度,现下多少度,现在有多少度,现在有几度,这会儿多少度,这会儿几度,,,,,,,,,,,,,,,,,,,,,,,,,,,,,,,,,,,,,,,,,,,,,,,,,,,,,,,,,,,,,,,,,
,,定时设备开关任务显示,电风扇当前的定时任务,,,,,,,,,,,,,,,,,,,,,,,,,,,,,,,,,,,,,,,,,,,,,,,,,,,,,,,,,,,,,,,,,,,,,,,,,,
,,风扇开关,"(开,关)风扇","(打开,关闭)风扇",,,,,,,,,,,,,,,,,,,,,,,,,,,,,,,,,,,,,,,,,,,,,,,,,,,,,,,,,,,,,,,,,,,,,,,,,
,,摇头开关,"风扇(开始,停止)摇头",,,,,,,,,,,,,,,,,,,,,,,,,,,,,,,,,,,,,,,,,,,,,,,,,,,,,,,,,,,,,,,,,,,,,,,,,,
,,风型选择(自然风、睡眠风、正常风),"电风扇的风型设置为(自然风,睡眠风,正常风)","电风扇的风型调整为(自然风,睡眠风,正常风)",,,,,,,,,,,,,,,,,,,,,,,,,,,,,,,,,,,,,,,,,,,,,,,,,,,,,,,,,,,,,,,,,,,,,,,,,
,,风速选择(低档、中档、高档),"电风扇的风速设置为(低档,中档,高档)","电风扇的风速调整为(低档,中档,高档)",,,,,,,,,,,,,,,,,,,,,,,,,,,,,,,,,,,,,,,,,,,,,,,,,,,,,,,,,,,,,,,,,,,,,,,,,
,,定时控制开关,,,,,,,,,,,,,,,,,,,,,,,,,,,,,,,,,,,,,,,,,,,,,,,,,,,,,,,,,,,,,,,,,,,,,,,,,,,
,智能衣柜,启停状态,智能衣柜的开关状态,智能衣柜开着呢吗,,,,,,,,,,,,,,,,,,,,,,,,,,,,,,,,,,,,,,,,,,,,,,,,,,,,,,,,,,,,,,,,,,,,,,,,,
,,工作温度,衣柜的当前温度,衣柜的当前温度是多少,衣柜现在多少度,衣柜现在几度,衣柜现下是几度,衣柜现下多少度,衣柜现在有多少度,衣柜现在有几度,这会儿多少度,这会儿几度,,,,,,,,,,,,,,,,,,,,,,,,,,,,,,,,,,,,,,,,,,,,,,,,,,,,,,,,,,,,,,,,,
,,工作倒计时,衣柜的倒计时,,,,,,,,,,,,,,,,,,,,,,,,,,,,,,,,,,,,,,,,,,,,,,,,,,,,,,,,,,,,,,,,,,,,,,,,,,
,,精华液含量,衣柜的精华液含量,衣柜的精华液含量是多少,衣柜还有精华液吗,衣柜还剩精华液吗,,,,,,,,,,,,,,,,,,,,,,,,,,,,,,,,,,,,,,,,,,,,,,,,,,,,,,,,,,,,,,,,,,,,,,,
,,衣柜开关,"(开,关)衣柜","(打开,关闭)衣柜",,,,,,,,,,,,,,,,,,,,,,,,,,,,,,,,,,,,,,,,,,,,,,,,,,,,,,,,,,,,,,,,,,,,,,,,,
,,紫外线开关,"(开始,关闭,停止)衣柜的紫外线照射","(打开,关闭)衣柜的紫外线开关",,,,,,,,,,,,,,,,,,,,,,,,,,,,,,,,,,,,,,,,,,,,,,,,,,,,,,,,,,,,,,,,,,,,,,,,,
,,时间校准,衣柜授时,衣柜校准时间,,,,,,,,,,,,,,,,,,,,,,,,,,,,,,,,,,,,,,,,,,,,,,,,,,,,,,,,,,,,,,,,,,,,,,,,,
,,温度设定(20-40),"衣柜温度设置为(20,40)度","衣柜温度调整为(20,40)度",,,,,,,,,,,,,,,,,,,,,,,,,,,,,,,,,,,,,,,,,,,,,,,,,,,,,,,,,,,,,,,,,,,,,,,,,
,,工作时间设定(15-30min),"衣柜工作时间设置为(15,30)分钟","衣柜工作时间调整为(15,30)分钟",,,,,,,,,,,,,,,,,,,,,,,,,,,,,,,,,,,,,,,,,,,,,,,,,,,,,,,,,,,,,,,,,,,,,,,,,
,药品柜,过滤器饱和监测传感器显示(范围：0.0~9.9ppm),药品柜过滤器饱和监测传感器当前值,,,,,,,,,,,,,,,,,,,,,,,,,,,,,,,,,,,,,,,,,,,,,,,,,,,,,,,,,,,,,,,,,,,,,,,,,,
,,环境空气监测传感器显示(范围：0~15ppm),药品柜环境空气监测传感器当前值,,,,,,,,,,,,,,,,,,,,,,,,,,,,,,,,,,,,,,,,,,,,,,,,,,,,,,,,,,,,,,,,,,,,,,,,,,
,,风机转速显示(范围：800~2500rpm),药品柜风机转速,药品柜风机转速是多少,药品柜风机转得快吗,,,,,,,,,,,,,,,,,,,,,,,,,,,,,,,,,,,,,,,,,,,,,,,,,,,,,,,,,,,,,,,,,,,,,,,,
,,温度显示(范围：0~40℃),当前温度,当前温度是多少,现在多少度,现在几度,现下是几度,现下多少度,现在有多少度,现在有几度,这会儿多少度,这会儿几度,,,,,,,,,,,,,,,,,,,,,,,,,,,,,,,,,,,,,,,,,,,,,,,,,,,,,,,,,,,,,,,,,
,,湿度显示(范围：0~99%),当前湿度,当前湿度是多少,现在湿度大吗,,,,,,,,,,,,,,,,,,,,,,,,,,,,,,,,,,,,,,,,,,,,,,,,,,,,,,,,,,,,,,,,,,,,,,,,
,,工作累计倒计时显示(范围：0~99min),药品柜工作累计倒计时,,,,,,,,,,,,,,,,,,,,,,,,,,,,,,,,,,,,,,,,,,,,,,,,,,,,,,,,,,,,,,,,,,,,,,,,,,
,,"电源开,关","(开,关)药品柜","(打开,关闭)药品柜",,,,,,,,,,,,,,,,,,,,,,,,,,,,,,,,,,,,,,,,,,,,,,,,,,,,,,,,,,,,,,,,,,,,,,,,,
,,过滤器饱和监测传感器报警范围设置(初始条件：大于5.0ppm),"药品柜的过滤器饱和监测传感器报警范围设置为(5,+∞)","药品柜的过滤器饱和监测传感器报警范围调整为(5,+∞)",,,,,,,,,,,,,,,,,,,,,,,,,,,,,,,,,,,,,,,,,,,,,,,,,,,,,,,,,,,,,,,,,,,,,,,,,
,,环境空气监测传感器报警范围设置(初始条件：大于5ppm),"药品柜的环境空气监测传感器报警范围设置为(5,+∞)","药品柜的环境空气监测传感器报警范围调整为(5,+∞)",,,,,,,,,,,,,,,,,,,,,,,,,,,,,,,,,,,,,,,,,,,,,,,,,,,,,,,,,,,,,,,,,,,,,,,,,
,,风机转速设置(设置范围：800~2500rpm),"药品柜的风机转速设置为(800,2500)","药品柜的风机转速调整为(800,2500)",,,,,,,,,,,,,,,,,,,,,,,,,,,,,,,,,,,,,,,,,,,,,,,,,,,,,,,,,,,,,,,,,,,,,,,,,
,,工作累计倒计时数值设置(范围：0~99H),"药品柜的工作累计倒计时设置为(0,99)","药品柜的工作累计倒计时调整为(0,99)",,,,,,,,,,,,,,,,,,,,,,,,,,,,,,,,,,,,,,,,,,,,,,,,,,,,,,,,,,,,,,,,,,,,,,,,,
,,门开启时间设定(范围：0~99min),"药品柜的门开启时间设置为(0,99)","药品柜的门开启时间调整为(0,99)",,,,,,,,,,,,,,,,,,,,,,,,,,,,,,,,,,,,,,,,,,,,,,,,,,,,,,,,,,,,,,,,,,,,,,,,,
,,药品柜异常信息推送,药品柜有告警吗,药品柜告警消息,药品柜告警信息,播放药品柜告警,,,,,,,,,,,,,,,,,,,,,,,,,,,,,,,,,,,,,,,,,,,,,,,,,,,,,,,,,,,,,,,,,,,,,,,
卫浴电器,智能马桶盖,当前水温显示,马桶盖水温,马桶盖水温是多少,马桶盖水温多少度,马桶盖水温几度,,,,,,,,,,,,,,,,,,,,,,,,,,,,,,,,,,,,,,,,,,,,,,,,,,,,,,,,,,,,,,,,,,,,,,,
,,当前座温显示,马桶盖座温,马桶盖座温是多少,马桶盖座温多少度,马桶盖座温几度,,,,,,,,,,,,,,,,,,,,,,,,,,,,,,,,,,,,,,,,,,,,,,,,,,,,,,,,,,,,,,,,,,,,,,,
,,延时时间显示,马桶盖延时时间,,,,,,,,,,,,,,,,,,,,,,,,,,,,,,,,,,,,,,,,,,,,,,,,,,,,,,,,,,,,,,,,,,,,,,,,,,
,,模式状态显示(增加儿童清洗),马桶盖当前模式,,,,,,,,,,,,,,,,,,,,,,,,,,,,,,,,,,,,,,,,,,,,,,,,,,,,,,,,,,,,,,,,,,,,,,,,,,
,,"总开,关","马桶盖(开,关)","(打开,关闭)马桶盖",,,,,,,,,,,,,,,,,,,,,,,,,,,,,,,,,,,,,,,,,,,,,,,,,,,,,,,,,,,,,,,,,,,,,,,,,
,,"小夜灯开,关","(开,关)马桶盖小夜灯","(打开,关闭)马桶盖小夜灯",,,,,,,,,,,,,,,,,,,,,,,,,,,,,,,,,,,,,,,,,,,,,,,,,,,,,,,,,,,,,,,,,,,,,,,,,
,,"水温调节(不加热,加热范围：30℃~40℃；调节间隔：1℃)","马桶盖水温设置到(30,40)度","马桶盖水温调节到(30,40)度","马桶盖水温调整到(30,40)度",,,,,,,,,,,,,,,,,,,,,,,,,,,,,,,,,,,,,,,,,,,,,,,,,,,,,,,,,,,,,,,,,,,,,,,,
,,"座温调节(不加热,加热范围：30℃~40℃；调节间隔：1℃)","马桶盖座温设置到(30,40)度","马桶盖座温调节到(30,40)度","马桶盖座温调整到(30,40)度",,,,,,,,,,,,,,,,,,,,,,,,,,,,,,,,,,,,,,,,,,,,,,,,,,,,,,,,,,,,,,,,,,,,,,,,
,,预约开关,,,,,,,,,,,,,,,,,,,,,,,,,,,,,,,,,,,,,,,,,,,,,,,,,,,,,,,,,,,,,,,,,,,,,,,,,,,
,,喷口自洁开关,"(开,关)马桶盖喷口自洁开关","(打开,关闭)马桶盖喷口自洁开关","马桶盖(开始,停止)喷口自洁",,,,,,,,,,,,,,,,,,,,,,,,,,,,,,,,,,,,,,,,,,,,,,,,,,,,,,,,,,,,,,,,,,,,,,,,
,,通便开关,"(开,关)马桶盖通便开关","(打开,关闭)马桶盖通便开关","马桶盖(开始,停止)通便",,,,,,,,,,,,,,,,,,,,,,,,,,,,,,,,,,,,,,,,,,,,,,,,,,,,,,,,,,,,,,,,,,,,,,,,
,,按摩清洗开关,"(开,关)马桶盖按摩清洗开关","(打开,关闭)马桶盖按摩清洗开关","马桶盖(开始,停止)按摩清洗",,,,,,,,,,,,,,,,,,,,,,,,,,,,,,,,,,,,,,,,,,,,,,,,,,,,,,,,,,,,,,,,,,,,,,,,
,,暖风烘干开关,"(开,关)马桶盖暖风烘干开关","(打开,关闭)马桶盖暖风烘干开关","马桶盖(开始,停止)暖风烘干",,,,,,,,,,,,,,,,,,,,,,,,,,,,,,,,,,,,,,,,,,,,,,,,,,,,,,,,,,,,,,,,,,,,,,,,
,,女性清洁开关,"(开,关)马桶盖女性清洁开关","(打开,关闭)马桶盖女性清洁开关","马桶盖(开始,停止)女性清洁",,,,,,,,,,,,,,,,,,,,,,,,,,,,,,,,,,,,,,,,,,,,,,,,,,,,,,,,,,,,,,,,,,,,,,,,
,,臀部清洗开关,"(开,关)马桶盖臀部清洗开关","(打开,关闭)马桶盖臀部清洗开关","马桶盖(开始,停止)臀部清洗",,,,,,,,,,,,,,,,,,,,,,,,,,,,,,,,,,,,,,,,,,,,,,,,,,,,,,,,,,,,,,,,,,,,,,,,
,,全自动开关,"(开,关)马桶盖全自动开关","(打开,关闭)马桶盖全自动开关","马桶盖(开始,启动,停止)全自动模式",,,,,,,,,,,,,,,,,,,,,,,,,,,,,,,,,,,,,,,,,,,,,,,,,,,,,,,,,,,,,,,,,,,,,,,,
,,控制前移,马桶盖前移,马桶盖前挪,,,,,,,,,,,,,,,,,,,,,,,,,,,,,,,,,,,,,,,,,,,,,,,,,,,,,,,,,,,,,,,,,,,,,,,,,
,,控制后移,马桶盖后移,马桶盖后挪,,,,,,,,,,,,,,,,,,,,,,,,,,,,,,,,,,,,,,,,,,,,,,,,,,,,,,,,,,,,,,,,,,,,,,,,,
,,控制来回移动,马桶盖来回移动,马桶盖来回挪动,,,,,,,,,,,,,,,,,,,,,,,,,,,,,,,,,,,,,,,,,,,,,,,,,,,,,,,,,,,,,,,,,,,,,,,,,
,,"水流调节(1,2,3,4档)","马桶盖水流调节到(1,4)档","马桶盖水流调整到(1,4)档","马桶盖水流设置为(1,4)档",,,,,,,,,,,,,,,,,,,,,,,,,,,,,,,,,,,,,,,,,,,,,,,,,,,,,,,,,,,,,,,,,,,,,,,,
,,"管位调节(1,2,3,4档)","马桶盖管位调节到(1,4)档","马桶盖管位调整到(1,4)档","马桶盖管位设置为(1,4)档",,,,,,,,,,,,,,,,,,,,,,,,,,,,,,,,,,,,,,,,,,,,,,,,,,,,,,,,,,,,,,,,,,,,,,,,
,,坐温调节(30-40度),"马桶盖坐温调节到(30,40)度","马桶盖坐温调整到(30,40)度","马桶盖坐温设置为(30,40)度",,,,,,,,,,,,,,,,,,,,,,,,,,,,,,,,,,,,,,,,,,,,,,,,,,,,,,,,,,,,,,,,,,,,,,,,
,,水温调节(30-40度),"马桶盖水温调节到(30,40)度","马桶盖水温调整到(30,40)度","马桶盖水温设置为(30,40)度",,,,,,,,,,,,,,,,,,,,,,,,,,,,,,,,,,,,,,,,,,,,,,,,,,,,,,,,,,,,,,,,,,,,,,,,
,干衣机,当前湿度,干衣机湿度,干衣机湿度是多少,干衣机湿度大么,,,,,,,,,,,,,,,,,,,,,,,,,,,,,,,,,,,,,,,,,,,,,,,,,,,,,,,,,,,,,,,,,,,,,,,,
,,工作模式,干衣机工作模式,干衣机现在是什么工作模式,干衣机现在是什么模式,,,,,,,,,,,,,,,,,,,,,,,,,,,,,,,,,,,,,,,,,,,,,,,,,,,,,,,,,,,,,,,,,,,,,,,,
,,干衣倒计时,干衣机的倒计时,,,,,,,,,,,,,,,,,,,,,,,,,,,,,,,,,,,,,,,,,,,,,,,,,,,,,,,,,,,,,,,,,,,,,,,,,,
,,除皱开关,干衣机除皱开关的状态,,,,,,,,,,,,,,,,,,,,,,,,,,,,,,,,,,,,,,,,,,,,,,,,,,,,,,,,,,,,,,,,,,,,,,,,,,
,,定时任务显示,干衣机的定时任务,,,,,,,,,,,,,,,,,,,,,,,,,,,,,,,,,,,,,,,,,,,,,,,,,,,,,,,,,,,,,,,,,,,,,,,,,,
,,"开,关机","(开,关)干衣机","(打开,启动,关闭)干衣机开关",,,,,,,,,,,,,,,,,,,,,,,,,,,,,,,,,,,,,,,,,,,,,,,,,,,,,,,,,,,,,,,,,,,,,,,,,
,,模式设定(快速干衣、自定义、智能节能),"干衣机设置为(快速干衣,自定义,智能节能)模式","干衣机设为(快速干衣,自定义,智能节能)模式","干衣机设置成(快速干衣,自定义,智能节能)模式","干衣机调整为(快速干衣,自定义,智能节能)模式","干衣机调整到(快速干衣,自定义,智能节能)模式","干衣机调到(快速干衣,自定义,智能节能)模式",,,,,,,,,,,,,,,,,,,,,,,,,,,,,,,,,,,,,,,,,,,,,,,,,,,,,,,,,,,,,,,,,,,,,
,,时间设定(15-200min),"干衣机工作时间设置为(15,200)分钟","干衣机工作时间设为(15,200)分钟","干衣机工作时间设置成(15,200)分钟","干衣机工作时间调整为(15,200)分钟","干衣机工作时间调整到(15,200)分钟","干衣机工作时间设置为(15,200)分钟",,,,,,,,,,,,,,,,,,,,,,,,,,,,,,,,,,,,,,,,,,,,,,,,,,,,,,,,,,,,,,,,,,,,,
,,"档位设定(弱档,强档)","干衣机档位设置为(弱档,强档)","干衣机档位设为(弱档,强档)","干衣机档位设置成(弱档,强档)","干衣机档位调整为(弱档,强档)","干衣机档位调整到(弱档,强档)","干衣机档位调整到(弱档,强档)",,,,,,,,,,,,,,,,,,,,,,,,,,,,,,,,,,,,,,,,,,,,,,,,,,,,,,,,,,,,,,,,,,,,,
,,除皱模式开关,"干衣机(打开,关闭)除皱模式","干衣机(开始,停止)除皱",,,,,,,,,,,,,,,,,,,,,,,,,,,,,,,,,,,,,,,,,,,,,,,,,,,,,,,,,,,,,,,,,,,,,,,,,
,,预约开关,,,,,,,,,,,,,,,,,,,,,,,,,,,,,,,,,,,,,,,,,,,,,,,,,,,,,,,,,,,,,,,,,,,,,,,,,,,
,,报警,干衣机有告警吗,干衣机告警消息,干衣机告警信息,播放干衣机告警,,,,,,,,,,,,,,,,,,,,,,,,,,,,,,,,,,,,,,,,,,,,,,,,,,,,,,,,,,,,,,,,,,,,,,,
灯具照明,LED球泡灯,当前亮度,球泡灯亮度,球泡灯亮度是多少,球泡灯多亮,,,,,,,,,,,,,,,,,,,,,,,,,,,,,,,,,,,,,,,,,,,,,,,,,,,,,,,,,,,,,,,,,,,,,,,,
,,当前色温,球泡灯色温,,,,,,,,,,,,,,,,,,,,,,,,,,,,,,,,,,,,,,,,,,,,,,,,,,,,,,,,,,,,,,,,,,,,,,,,,,
,,照明灯状态,"球泡灯照明灯(亮度,明暗度)",,,,,,,,,,,,,,,,,,,,,,,,,,,,,,,,,,,,,,,,,,,,,,,,,,,,,,,,,,,,,,,,,,,,,,,,,,
,,氛围灯状态,"球泡灯氛围灯(亮度,明暗度)",,,,,,,,,,,,,,,,,,,,,,,,,,,,,,,,,,,,,,,,,,,,,,,,,,,,,,,,,,,,,,,,,,,,,,,,,,
,,开关,打开灯,开开灯,开下灯,把灯开开,把灯打开,,,,,,,,,,,,,,,,,,,,,,,,,,,,,,,,,,,,,,,,,,,,,,,,,,,,,,,,,,,,,,,,,,,,,,
,,RGB调色,球泡灯设置成(c),,,,,,,,,,,,,,,,,,,,,,,,,,,,,,,,,,,,,,,,,,,,,,,,,,,,,,,,,,,,,,,,,,,,,,,,,,
,,白光开关,球泡灯开启白光,球泡灯点亮白光,球泡灯打开白光开关,,,,,,,,,,,,,,,,,,,,,,,,,,,,,,,,,,,,,,,,,,,,,,,,,,,,,,,,,,,,,,,,,,,,,,,,
,,照明灯明暗调节,"球泡灯照明灯明暗度调为(1,255)","球泡灯照明灯明暗度调整为(1,255)","球泡灯照明灯明暗度调整到(1,255)","球泡灯照明灯明暗度整到(1,255)","球泡灯照明灯明暗度调到(1,255)","球泡灯照明灯亮度调为(1,255)","球泡灯照明灯亮度调整为(1,255)","球泡灯照明灯亮度调整到(1,255)","球泡灯照明灯亮度整到(1,255)","球泡灯照明灯亮度调到(1,255)",,,,,,,,,,,,,,,,,,,,,,,,,,,,,,,,,,,,,,,,,,,,,,,,,,,,,,,,,,,,,,,,,
,,氛围灯明暗调节,"球泡灯氛围灯明暗度调为(1,10)","球泡灯氛围灯明暗度调整为(1,10)","球泡灯氛围灯明暗度调整到(1,10)","球泡灯氛围灯明暗度整到(1,10)","球泡灯氛围灯明暗度调到(1,10)","球泡灯氛围灯亮度调为(1,10)","球泡灯氛围灯亮度调整为(1,10)","球泡灯氛围灯亮度调整到(1,10)","球泡灯氛围灯亮度整到(1,10)","球泡灯氛围灯亮度调到(1,10)",,,,,,,,,,,,,,,,,,,,,,,,,,,,,,,,,,,,,,,,,,,,,,,,,,,,,,,,,,,,,,,,,
,,模式(睡眠\阅读\激情\唤醒\sos\浪漫\自拍\影院),"球泡灯设置为(睡眠,阅读,激情,唤醒,俱乐部,夜店,浪漫,自拍,影院)模式","球泡灯设为(睡眠,阅读,激情,唤醒,俱乐部,夜店,浪漫,自拍,影院)模式","球泡灯设置成(睡眠,阅读,激情,唤醒,俱乐部,夜店,浪漫,自拍,影院)模式","球泡灯调整为(睡眠,阅读,激情,唤醒,俱乐部,夜店,浪漫,自拍,影院)模式","球泡灯调为(睡眠,阅读,激情,唤醒,俱乐部,夜店,浪漫,自拍,影院)模式","球泡灯调整成(睡眠,阅读,激情,唤醒,俱乐部,夜店,浪漫,自拍,影院)模式","球泡灯整成(睡眠,阅读,激情,唤醒,俱乐部,夜店,浪漫,自拍,影院)模式","球泡灯整到(睡眠,阅读,激情,唤醒,俱乐部,夜店,浪漫,自拍,影院)模式",,,,,,,,,,,,,,,,,,,,,,,,,,,,,,,,,,,,,,,,,,,,,,,,,,,,,,,,,,,,,,,,,,,
,LED灯带,"灯带总开,关",LED灯带开关打开,LED灯带开关开,打开LED灯带开关,开LED灯带开关,把LED灯带开关打开,LED灯带按钮打开,LED灯带开关关闭,LED灯带开关关,关LED灯带开关,把LED灯带开关关闭,氛围灯按钮关闭,,,,,,,,,,,,,,,,,,,,,,,,,,,,,,,,,,,,,,,,,,,,,,,,,,,,,,,,,,,,,,,,
,,"模式选择(日光,流光,调光)",模式选择日光模式,选择流光模式,切换到调光模式,灯带工作模式切换到照明模式,,,,,,,,,,,,,,,,,,,,,,,,,,,,,,,,,,,,,,,,,,,,,,,,,,,,,,,,,,,,,,,,,,,,,,,
,,日光模式色彩调节,灯带颜色红色,灯带选择淡蓝色,颜色变成青色,颜色调成紫色,黄灯开启,淡紫色,,,,,,,,,,,,,,,,,,,,,,,,,,,,,,,,,,,,,,,,,,,,,,,,,,,,,,,,,,,,,,,,,,,,,
,,日光模式亮度调节,灯带调暗点,灯带亮点,灯带亮度调到20,亮度减少到10,亮度增加到120,,,,,,,,,,,,,,,,,,,,,,,,,,,,,,,,,,,,,,,,,,,,,,,,,,,,,,,,,,,,,,,,,,,,,,
,,流光模式,流光模式开,切换到流光模式,流光模式开启,,,,,,,,,,,,,,,,,,,,,,,,,,,,,,,,,,,,,,,,,,,,,,,,,,,,,,,,,,,,,,,,,,,,,,,,
,,流光切换速度,流光切换速度20,切换速度5,切换速度调到6,切换速到提高到20,切换速度降低到2,,,,,,,,,,,,,,,,,,,,,,,,,,,,,,,,,,,,,,,,,,,,,,,,,,,,,,,,,,,,,,,,,,,,,,
,,"流光颜色(色1,色2,色3,色4)","流光颜色色1 240,色2 179","流光颜色色1选择3,色2选择79,色3选择69",,,,,,,,,,,,,,,,,,,,,,,,,,,,,,,,,,,,,,,,,,,,,,,,,,,,,,,,,,,,,,,,,,,,,,,,,
,,情景模式(起床、入睡、七彩、回家、会客、休闲、自定义),模式选择起床模式,开启入睡模式,切换到回家模式,打开回家模式,会客模式开启,,,,,,,,,,,,,,,,,,,,,,,,,,,,,,,,,,,,,,,,,,,,,,,,,,,,,,,,,,,,,,,,,,,,,,
,,定时开关,预约19点灯带开,预约8点半灯带开关关闭,,,,,,,,,,,,,,,,,,,,,,,,,,,,,,,,,,,,,,,,,,,,,,,,,,,,,,,,,,,,,,,,,,,,,,,,,
,LED吸顶灯,"当前模式(照明灯,氛围灯)",吸顶灯当前工作模式是什么,吸顶灯当前工作在哪个模式下,吸顶灯是在照明模式下吗？,现在是氛围灯嘛？,,,,,,,,,,,,,,,,,,,,,,,,,,,,,,,,,,,,,,,,,,,,,,,,,,,,,,,,,,,,,,,,,,,,,,,
,,"吸顶灯总开,关",吸顶灯开关打开,吸顶灯开关开,打开吸顶灯开关,开吸顶灯开关,把吸顶灯开关打开,吸顶灯按钮打开,吸顶灯开关关闭,吸顶灯开关关,关吸顶灯开关,把吸顶灯开关关闭,吸顶灯按钮关闭,,,,,,,,,,,,,,,,,,,,,,,,,,,,,,,,,,,,,,,,,,,,,,,,,,,,,,,,,,,,,,,,
,,照明灯开关,LED吸顶灯照明模式开,LED吸顶灯照明模式关,照明开关打开,照明开关开,打开照明开关,开照明开关,把照明开关打开,照明按钮打开,照明开关关闭,照明开关关,关闭照明开关,关照明开关,把照明开关关闭,照明按钮关闭,,,,,,,,,,,,,,,,,,,,,,,,,,,,,,,,,,,,,,,,,,,,,,,,,,,,,,,,,,,,,
,,照明灯明暗调节,LED吸顶灯照明亮度增加到20,吸顶灯照明亮度提高到40,吸顶灯照明亮度70,吸顶灯亮度调到50,LED吸顶灯照明亮度降低到30,吸顶灯照明亮度减小到56,,,,,,,,,,,,,,,,,,,,,,,,,,,,,,,,,,,,,,,,,,,,,,,,,,,,,,,,,,,,,,,,,,,,,
,,照明灯色温调节,LED吸顶灯照明色温调到16,吸顶灯照明色温选择4,吸顶灯照明色温增加到60,吸顶灯色温调到50,LED吸顶灯照明色温减小16,吸顶灯照明色温降低到10,,,,,,,,,,,,,,,,,,,,,,,,,,,,,,,,,,,,,,,,,,,,,,,,,,,,,,,,,,,,,,,,,,,,,
,,照明灯模式选择(照明、节能、夜灯),模式选择照明模式,选择节能模式,切换到夜灯模式,吸顶灯工作模式切换到照明模式,节能模式开,打开夜灯模式,,,,,,,,,,,,,,,,,,,,,,,,,,,,,,,,,,,,,,,,,,,,,,,,,,,,,,,,,,,,,,,,,,,,,
,,氛围灯开关,氛围灯开关打开,氛围灯开关开,打开氛围灯开关,开氛围灯开关,把氛围灯开关打开,氛围灯按钮打开,氛围灯开关关闭,氛围灯开关关,关氛围灯开关,把氛围灯开关关闭,氛围灯按钮关闭,,,,,,,,,,,,,,,,,,,,,,,,,,,,,,,,,,,,,,,,,,,,,,,,,,,,,,,,,,,,,,,,
,,氛围灯颜色调节,氛围灯颜色红色,氛围灯选择淡蓝色,颜色变成青色,颜色调成紫色,黄灯开启,淡紫色,,,,,,,,,,,,,,,,,,,,,,,,,,,,,,,,,,,,,,,,,,,,,,,,,,,,,,,,,,,,,,,,,,,,,
,,氛围灯模式(激情、浪漫、温馨、畅想),模式选择激情模式,选择浪漫模式,切换到温馨模式,氛围灯工作模式切换到畅想模式,激情模式开,打开浪漫模式,开启畅想模式,,,,,,,,,,,,,,,,,,,,,,,,,,,,,,,,,,,,,,,,,,,,,,,,,,,,,,,,,,,,,,,,,,,,
,,氛围灯明暗调节,氛围灯调暗点,氛围灯亮度,灯亮度调到20,亮度减少到10,亮度增加到120,,,,,,,,,,,,,,,,,,,,,,,,,,,,,,,,,,,,,,,,,,,,,,,,,,,,,,,,,,,,,,,,,,,,,,
居家安防,声光报警器,当前工作模式,上报声光报警的当前工作模式,报警器工作在什么模式下,报警器现在是哪个模式,,,,,,,,,,,,,,,,,,,,,,,,,,,,,,,,,,,,,,,,,,,,,,,,,,,,,,,,,,,,,,,,,,,,,,,,
,,外出布防开关,外出布防开关开,打开外出布防开关,切换到外出布防模式,关闭外出布防,外出布防关闭,关掉外出布防,,,,,,,,,,,,,,,,,,,,,,,,,,,,,,,,,,,,,,,,,,,,,,,,,,,,,,,,,,,,,,,,,,,,,
,,留守布防开关,留守布防开关开,打开留守布防开关,切换到留守布防模式,关闭留守布防,留守布防关闭,关掉留守布防,,,,,,,,,,,,,,,,,,,,,,,,,,,,,,,,,,,,,,,,,,,,,,,,,,,,,,,,,,,,,,,,,,,,,
,,强制布防开关,强制布防开关开,打开强制布防开关,切换到强制布防模式,关闭强制布防,强制布防关闭,关掉强制布防,,,,,,,,,,,,,,,,,,,,,,,,,,,,,,,,,,,,,,,,,,,,,,,,,,,,,,,,,,,,,,,,,,,,,
,,撤防开关,撤防开关开,打开撤防开关,切换到撤防模式,关闭撤防,强制撤防,关掉撤防,,,,,,,,,,,,,,,,,,,,,,,,,,,,,,,,,,,,,,,,,,,,,,,,,,,,,,,,,,,,,,,,,,,,,
,,防区属性设置(巡更防区、无声防区、门铃防区),防区属性选择巡更防区,防区属性切换为无声防区模式,门铃防区作为防区属性,,,,,,,,,,,,,,,,,,,,,,,,,,,,,,,,,,,,,,,,,,,,,,,,,,,,,,,,,,,,,,,,,,,,,,,,
,,防区报警类型设置(盗窃、抢劫、火警、周界、医疗、紧急、周界、煤气、预警),报警类型选择盗窃,报警类型设置为抢劫,报警类型火警,医疗报警类型,报警类型切换为紧急类型,,,,,,,,,,,,,,,,,,,,,,,,,,,,,,,,,,,,,,,,,,,,,,,,,,,,,,,,,,,,,,,,,,,,,,
,,报警音量(无声、低、中、高),报警音量选择静音,报警音量高,低音量报警,中音量报警,,,,,,,,,,,,,,,,,,,,,,,,,,,,,,,,,,,,,,,,,,,,,,,,,,,,,,,,,,,,,,,,,,,,,,,
,智能门锁,门锁状态,上报门锁状态,门锁现在是什么状态,门锁是否开着,,,,,,,,,,,,,,,,,,,,,,,,,,,,,,,,,,,,,,,,,,,,,,,,,,,,,,,,,,,,,,,,,,,,,,,,
,,电池电量,门锁电量还剩多少,门锁还剩多少电,门锁电量是否充足,,,,,,,,,,,,,,,,,,,,,,,,,,,,,,,,,,,,,,,,,,,,,,,,,,,,,,,,,,,,,,,,,,,,,,,,
,,开关,打开门锁,把门锁打开,关闭门锁,把门锁关闭,门锁开,门锁关,,,,,,,,,,,,,,,,,,,,,,,,,,,,,,,,,,,,,,,,,,,,,,,,,,,,,,,,,,,,,,,,,,,,,
,,报警,门锁是否有告警,门锁是否正常,,,,,,,,,,,,,,,,,,,,,,,,,,,,,,,,,,,,,,,,,,,,,,,,,,,,,,,,,,,,,,,,,,,,,,,,,
,智能摄像头,扫码添加设备,扫描二维码,打开二维码扫描,添加设备,,,,,,,,,,,,,,,,,,,,,,,,,,,,,,,,,,,,,,,,,,,,,,,,,,,,,,,,,,,,,,,,,,,,,,,,
,,查看单个摄像头实时视频,查看摄像头的视频,播放摄像头的实时视频,打开视频,视频开,,,,,,,,,,,,,,,,,,,,,,,,,,,,,,,,,,,,,,,,,,,,,,,,,,,,,,,,,,,,,,,,,,,,,,,
,,视频实时对讲,打开语音开关,打开对讲功能,对讲功能开,开启对讲功能,,,,,,,,,,,,,,,,,,,,,,,,,,,,,,,,,,,,,,,,,,,,,,,,,,,,,,,,,,,,,,,,,,,,,,,
,,设备录像,开启录像功能,打开录像开关,打开录像功能,录像功能开,,,,,,,,,,,,,,,,,,,,,,,,,,,,,,,,,,,,,,,,,,,,,,,,,,,,,,,,,,,,,,,,,,,,,,,
,,设备视频截图,将当前画面截图,截图,截取当前画面,,,,,,,,,,,,,,,,,,,,,,,,,,,,,,,,,,,,,,,,,,,,,,,,,,,,,,,,,,,,,,,,,,,,,,,,
,,查看摄像头运动记录录像视频,查看摄像头运动记录,把运动记录调出来,运动记录列表,我要查看运动记录,,,,,,,,,,,,,,,,,,,,,,,,,,,,,,,,,,,,,,,,,,,,,,,,,,,,,,,,,,,,,,,,,,,,,,,
,,活体检测报警记录录像视频,查看活体检测报警记录运动记录,把活体检测报警记录调出来,活体检测报警记录列表,我要查看活体检测报警记录,查看报警记录,调用报警记录,,,,,,,,,,,,,,,,,,,,,,,,,,,,,,,,,,,,,,,,,,,,,,,,,,,,,,,,,,,,,,,,,,,,,
,,视频清晰度设置,切换视频清晰度到高清模式,切换视频清晰度到流畅模式,切换视频清晰度到均衡模式,画面使用高清模式,画面切换到均衡模式,使用流畅模式播放,,,,,,,,,,,,,,,,,,,,,,,,,,,,,,,,,,,,,,,,,,,,,,,,,,,,,,,,,,,,,,,,,,,,,
,,活体检测开关,打开活体检测开关,关闭活体检测开关,开启活体检测功能,关闭活体检测功能,开启活体检测,关闭活体检测,,,,,,,,,,,,,,,,,,,,,,,,,,,,,,,,,,,,,,,,,,,,,,,,,,,,,,,,,,,,,,,,,,,,,
,,设备提示音开关,打开设备提示音开关,关闭设备提示音开关,开启设备提示音功能,关闭设备提示音功能,开启设备提示音,关闭设备提示音,,,,,,,,,,,,,,,,,,,,,,,,,,,,,,,,,,,,,,,,,,,,,,,,,,,,,,,,,,,,,,,,,,,,,
开关插座,智能插座,有无定时任务,智能插座什么时候开,当前有什么预约任务,现在有什么定时任务,定时任务上报下,智能插座什么时间关,,,,,,,,,,,,,,,,,,,,,,,,,,,,,,,,,,,,,,,,,,,,,,,,,,,,,,,,,,,,,,,,,,,,,,
,,开关,智能插座开关打开,智能插座开关开,打开智能插座开关,开智能插座开关,把智能插座开关打开,智能插座按钮打开,智能插座开关关闭,智能插座开关关,关智能插座开关,把智能插座开关关闭,智能插座按钮关闭,,,,,,,,,,,,,,,,,,,,,,,,,,,,,,,,,,,,,,,,,,,,,,,,,,,,,,,,,,,,,,,,
,,预约开关,预约[HH:MM]智能插座开,智能插座晚上[HH:MM]开始工作,[HH:MM]关闭智能插座,[HH:MM]智能插座停止工作,预约智能插座在[HH:MM]开关关,,,,,,,,,,,,,,,,,,,,,,,,,,,,,,,,,,,,,,,,,,,,,,,,,,,,,,,,,,,,,,,,,,,,,,
,智能插排,总开关状态,智能插排是否开着,智能插排开关状态如何,,,,,,,,,,,,,,,,,,,,,,,,,,,,,,,,,,,,,,,,,,,,,,,,,,,,,,,,,,,,,,,,,,,,,,,,,
,,插口1~n状态,上报插排当前的状态,插排有哪些开关开着,插排哪写开关关着,智能插排哪几路开关是关的,智能插排哪几路开关是开的,,,,,,,,,,,,,,,,,,,,,,,,,,,,,,,,,,,,,,,,,,,,,,,,,,,,,,,,,,,,,,,,,,,,,,
,,"总开,关",智能插排开关打开,智能插排开关开,打开智能插排开关,开智能插排开关,把智能插排开关打开,智能插排按钮打开,智能插排开关关闭,智能插排开关关,关智能插排开关,把智能插排开关关闭,智能插排按钮关闭,,,,,,,,,,,,,,,,,,,,,,,,,,,,,,,,,,,,,,,,,,,,,,,,,,,,,,,,,,,,,,,,
,,"开关1....n开,关",开关2打开,开关1关闭,打开开关3,关闭开关3,,,,,,,,,,,,,,,,,,,,,,,,,,,,,,,,,,,,,,,,,,,,,,,,,,,,,,,,,,,,,,,,,,,,,,,
,触摸开关,触摸开关状态,上报触摸开关当前的状态,触摸开关有哪些开关开着,触摸开关哪写开关关着,触摸开关哪几路开关是关的,触摸开关哪几路开关是开的,,,,,,,,,,,,,,,,,,,,,,,,,,,,,,,,,,,,,,,,,,,,,,,,,,,,,,,,,,,,,,,,,,,,,,
,,"1~n号开关开,关",上报插排当前的状态,插排有哪些开关开着,插排哪写开关关着,智能插排哪几路开关是关的,智能插排哪几路开关是开的,,,,,,,,,,,,,,,,,,,,,,,,,,,,,,,,,,,,,,,,,,,,,,,,,,,,,,,,,,,,,,,,,,,,,,
,,修改按键名称,将开关1的名称修改为卧室开关,开关2命名为客厅开关,,,,,,,,,,,,,,,,,,,,,,,,,,,,,,,,,,,,,,,,,,,,,,,,,,,,,,,,,,,,,,,,,,,,,,,,,
,,修改按键图标,,,,,,,,,,,,,,,,,,,,,,,,,,,,,,,,,,,,,,,,,,,,,,,,,,,,,,,,,,,,,,,,,,,,,,,,,,,
,,"童锁开,关",打开触摸开关的童锁开关,关闭触摸开关的童锁,锁屏,童锁开,把童锁打开,锁屏关闭,把屏幕上锁,把童锁关了,关童锁,关闭童锁,,,,,,,,,,,,,,,,,,,,,,,,,,,,,,,,,,,,,,,,,,,,,,,,,,,,,,,,,,,,,,,,,
,情景开关,情景开关状态,上报情景开关当前的状态,情景开关有哪些开关开着,情景开关哪写开关关着,情景开关插排哪几路开关是关的,情景开关插排哪几路开关是开的,,,,,,,,,,,,,,,,,,,,,,,,,,,,,,,,,,,,,,,,,,,,,,,,,,,,,,,,,,,,,,,,,,,,,,
,,总开关,情景开关总开开,情景开关总开关,关闭情景开关总开关,打开情景开关总开关,,,,,,,,,,,,,,,,,,,,,,,,,,,,,,,,,,,,,,,,,,,,,,,,,,,,,,,,,,,,,,,,,,,,,,,
,,厨房开关,打开厨房开关,关闭厨房开关,厨房开关关,厨房开关开,,,,,,,,,,,,,,,,,,,,,,,,,,,,,,,,,,,,,,,,,,,,,,,,,,,,,,,,,,,,,,,,,,,,,,,
,,洗手间开关,打开洗手间开关,关闭洗手间开关,洗手间开关关,洗手间开关开,,,,,,,,,,,,,,,,,,,,,,,,,,,,,,,,,,,,,,,,,,,,,,,,,,,,,,,,,,,,,,,,,,,,,,,
,,客厅开关,打开客厅开关,关闭客厅开关,客厅开关关,客厅开关开,,,,,,,,,,,,,,,,,,,,,,,,,,,,,,,,,,,,,,,,,,,,,,,,,,,,,,,,,,,,,,,,,,,,,,,
,,廊灯开关,打开廊灯开关,关闭廊灯开关,廊灯开关关,廊灯开关开,,,,,,,,,,,,,,,,,,,,,,,,,,,,,,,,,,,,,,,,,,,,,,,,,,,,,,,,,,,,,,,,,,,,,,,
,,餐厅开关,打开插座开关,关闭插座开关,插座开关关,插座开关开,,,,,,,,,,,,,,,,,,,,,,,,,,,,,,,,,,,,,,,,,,,,,,,,,,,,,,,,,,,,,,,,,,,,,,,
,,插座开关,打开餐厅开关,关闭餐厅开关,餐厅开关关,餐厅开关开,,,,,,,,,,,,,,,,,,,,,,,,,,,,,,,,,,,,,,,,,,,,,,,,,,,,,,,,,,,,,,,,,,,,,,,
,,电视开关,打开电视开关,关闭电视开关,电视开关关,电视开关开,,,,,,,,,,,,,,,,,,,,,,,,,,,,,,,,,,,,,,,,,,,,,,,,,,,,,,,,,,,,,,,,,,,,,,,
,,书房开关,打开书房开关,关闭书房开关,书房开关关,书房开关开,,,,,,,,,,,,,,,,,,,,,,,,,,,,,,,,,,,,,,,,,,,,,,,,,,,,,,,,,,,,,,,,,,,,,,,
,,阳台开关,打开阳台开关,关闭阳台开关,阳台开关关,阳台开关开,,,,,,,,,,,,,,,,,,,,,,,,,,,,,,,,,,,,,,,,,,,,,,,,,,,,,,,,,,,,,,,,,,,,,,,
,,卧室1开关,打开卧室1开关,关闭卧室1开关,卧室1开关关,卧室1开关开,,,,,,,,,,,,,,,,,,,,,,,,,,,,,,,,,,,,,,,,,,,,,,,,,,,,,,,,,,,,,,,,,,,,,,,
,,卧室2开关,打开卧室2开关,关闭卧室2开关,卧室2开关关,卧室2开关开,,,,,,,,,,,,,,,,,,,,,,,,,,,,,,,,,,,,,,,,,,,,,,,,,,,,,,,,,,,,,,,,,,,,,,,
,,窗帘开关,打开窗帘开关,关闭窗帘开关,窗帘开关关,窗帘开关开,,,,,,,,,,,,,,,,,,,,,,,,,,,,,,,,,,,,,,,,,,,,,,,,,,,,,,,,,,,,,,,,,,,,,,,
智能单品,红外插座,有无执行任务,红外插座什么时候开,当前有什么预约任务,现在有什么定时任务,定时任务上报下,红外插座什么时间关,,,,,,,,,,,,,,,,,,,,,,,,,,,,,,,,,,,,,,,,,,,,,,,,,,,,,,,,,,,,,,,,,,,,,,
,,开关,红外插座开关打开,红外插座开关开,打开红外插座开关,开红外插座开关,把红外插座开关打开,红外插座按钮打开,红外插座开关关闭,红外插座开关关,关红外插座开关,把红外插座开关关闭,红外插座按钮关闭,,,,,,,,,,,,,,,,,,,,,,,,,,,,,,,,,,,,,,,,,,,,,,,,,,,,,,,,,,,,,,,,
,,预约开关,红外插座[HH:MM]开始工作,[HH:MM]关闭红外插座,[HH:MM]红外插座停止工作,预约红外插座[HH:MM]开关关,,,,,,,,,,,,,,,,,,,,,,,,,,,,,,,,,,,,,,,,,,,,,,,,,,,,,,,,,,,,,,,,,,,,,,,
